"_id","id","publishedAt","channelId","title","channelTitle","categoryId","defaultAudioLanguage","duration","definition","caption","licensedContent","madeForKids","viewCount","likeCount","dislikeCount","favoriteCount","commentCount"
"CA_1","87-ZFjLfBAQ","2020-04-19T03:06:41.000Z","UCg3_C7BwcV0kBlJbBFHTPJQ","One World: Together At Home Special to Celebrate COVID-19 Workers","Global Citizen","29","en","PT8H5M15S","hd","false","True","False","23140973","353832","23207","0","0"
"CA_2","9wTAULd7_4w","2020-04-19T16:08:52.000Z","UCo8bcnLyZH8tBIH9V1mLgqQ","Getting Lost at Camp Geronimo","TheOdd1sOut","23","en","PT8M10S","hd","false","True","False","5144060","398586","3584","0","45156"
"CA_3","SYJCYr1I-Sk","2020-04-19T03:09:22.000Z","UCg3_C7BwcV0kBlJbBFHTPJQ","Celine Dion, Andrea Bocelli, Lady Gaga, Lang Lang, John Legend perform ""The Prayer"" | OW:TAH","Global Citizen","29","en","PT3M9S","hd","false","True","False","4952966","127868","4119","0","0"
"CA_4","lPHSr2keNBY","2020-04-19T15:07:10.000Z","UCDRmGMSgrtZkOsh_NQl4_xw","Vince Carter's 10-year beef with Toronto included Nelly, a possible body slam, and so many injuries","SB Nation","17","en","PT30M16S","hd","true","True","False","310041","12895","157","0","1362"
"CA_5","us9WNUdDJto","2020-04-19T15:00:41.000Z","UCap97Ue8K_BpKlrvQRYd6JA","Cutting My Boyfriend's Hair (Cuz Quarantine)","LaurDIY","26","en","PT17M55S","hd","false","True","False","383100","22733","683","0","2061"
"CA_6","0MWNW_a35oY","2020-04-10T17:00:16.000Z","UCacXhWzEaFnUXqQMHJAFaBw","We are the World (2020) | Together At Home Edition by Channel Aid, KHS & YouTube Artists","ChannelAid","10","de","PT5M2S","hd","false","True","False","1699370","43899","1432","0","1945"
"CA_7","uTha_t4goXg","2020-04-19T14:35:07.000Z","UCIIPl-DSCC0prKxGGnJrdGQ","update","Austin John Plays","20","en","PT1M30S","hd","false","True","False","524616","60803","592","0","13728"
"CA_8","-L8hLkg21MQ","2020-04-19T13:00:59.000Z","UCjNx6OQZDvth-hXX6SLkOvg","SIMI - Duduke (Official Video)","SimiVEVO","10",NULL,"PT2M58S","hd","false","True","False","294127","23944","129","0","1996"
"CA_9","R241RjFVjXM","2020-04-18T17:25:11.000Z","UCBwSufNse8VMBvQM_rCSvgQ","Morgz - DEAR MOM (Diss Track) Official Music Video","Morgz","24","en","PT2M58S","hd","false","True","False","1570045","75212","57851","0","41524"
"CA_10","Vr2FLgmWCJA","2020-04-18T23:56:48.000Z","UC1l7wYrva1qCH-wgqcHaaRg","David Guetta / United at Home - Fundraising Live from Miami #UnitedatHome #StayHome #WithMe","David Guetta","10","en-US","PT1H39M20S","hd","false","False","False","1862868","71905","1058","0","2355"
"CA_11","qZB0gALJUso","2020-04-19T14:11:00.000Z","UCXSHOjS30YMaGRgwuuxBfLw","Chronic Law - Relevant (Official Audio)","ChronicLawVEVO","10",NULL,"PT2M59S","hd","false","True","False","220932","21428","807","0","4932"
"CA_12","dVdGk-N8doE","2020-04-18T17:25:47.000Z","UCqsUQhA6UIwSams54bEnCJw","Morgz Mum - MORGZ SUCKS (Diss Track) Official Music Video","Morgz Mum","24",NULL,"PT2M16S","hd","false","True","False","1060351","36627","52215","0","37513"
"CA_13","FfZil5wkZ1M","2020-04-18T16:30:00.000Z","UCvUmwreRrbxeR1mbmojj8fg","Help! Oh Well... (Take 2: Official Music Video)","SomeThingElseYT","23","en-US","PT4M2S","hd","false","True","False","1653529","164312","1736","0","20803"
"CA_14","BtYKDamqo2I","2020-04-18T15:47:08.000Z","UCUK0HBIBWgM2c4vsPhkYY4w","Breaking Youtube with Slow Mo Glitter - The Slow Mo Guys","The Slow Mo Guys","24","en-GB","PT14M33S","hd","false","True","False","2675770","117518","2167","0","9899"
"CA_15","27NNH6tnFYQ","2020-04-18T21:22:52.000Z","UCPpATKqmMV-CNRNWYaDUwiA","WE COMPETE IN THE OLYMPICS!! (YouTuber Olympics)","Alexa Rivera","26",NULL,"PT10M21S","hd","false","True","False","1499856","104983","1727","0","6704"
"CA_16","cCNM706Iv8M","2020-04-19T02:18:51.000Z","UCg3_C7BwcV0kBlJbBFHTPJQ","Lady Gaga performs ""Smile"" | One World: Together At Home","Global Citizen","29","en","PT2M30S","hd","false","True","False","2220994","50059","2192","0","0"
"CA_17","sKsDoH6SxFQ","2020-04-19T15:00:40.000Z","UCuhAUMLzJxlP1W7mEk0_6lA","[TEASER] ÏÜîÎùº(SOLAR) - Î±âÏñ¥(Spit it out)","MAMAMOO","10","ko","PT33S","hd","false","True","False","763597","154384","643","0","5784"
"CA_18","dvHUhpJjVQo","2020-04-19T13:00:14.000Z","UC4laAHbk8VSgmvB47tsd2XQ","BUILDING OFF-GRID TINY HOUSE DURING PANDEMIC","Eamon & Bec","19","en-CA","PT22M45S","hd","false","True","False","249665","11267","210","0","2378"
"CA_19","DAlvSNHny2s","2020-04-18T16:00:04.000Z","UCrHL_BF5lHyK43BxLU8-vBQ","J. Balvin, Sky - Verde","jbalvinVEVO","10",NULL,"PT4M11S","hd","true","True","False","5086461","344707","17713","0","10703"
"CA_20","70aKpsEfk9s","2020-04-19T16:07:56.000Z","UCuFFtHWoLl5fauMMD5Ww2jA","Federal parties grapple over reconvening Parliament","CBC News","25","en-GB","PT1H3S","hd","true","True","False","190422","1007","359","0","528"
"CA_21","xjmC4lSk-2U","2020-04-17T13:00:34.000Z","UC2CCXzC56k0b8L49R_iW-Yw","DaBaby - ""JUMP"" feat NBA Youngboy (Official Video)","DaBaby","10","en","PT5M5S","hd","false","False","False","9383203","435132","14826","0","28376"
"CA_22","mQxt5UZep4U","2020-04-19T14:59:34.000Z","UCuAHfJyWROB4XRReS43EWUw","2 MINUTES Around the World! Our Family Journey with 3 Kids. Underwater Adventures! Sharks! and More!","The Bucket List Family","22",NULL,"PT2M8S","hd","false","False","False","257435","13716","548","0","1305"
"CA_23","lqaJrwnZMpo","2020-04-18T19:31:16.000Z","UCUtZaxDF3hD5VK4xRYFBePQ","GOLDEN BUZZER: Dreams come true for Ant and Dec‚Äôs Greatest Showman Jon Courtenay | BGT 2020","Britain's Got Talent","24","en-GB","PT7M9S","hd","false","True","False","1151402","22998","719","0",NULL
"CA_24","URzpxYCjNfI","2020-04-18T15:35:45.000Z","UCWljxewHlJE3M7U_6_zFNyA","creep in the club | Niki & Gabi Take Bahamas EP 1","AwesomenessTV","24","en","PT20M6S","hd","false","True","False","552763","28061","556","0","2576"
"CA_25","i0g_d9Yc_ZQ","2020-04-19T10:09:09.000Z","UC2UT8pPDlUvRbQXTVOf5Ocw","JE REFAIS LE TROPH√âE  DE @JOYCA [SATISFAISANT]","Henri Hihacks","28","fr","PT10M13S","hd","false","True","False","281262","30126","408","0","1104"
"CA_26","xMZ-LSAySUA","2020-04-18T16:58:20.000Z","UC7UGbBVrqLlq6CRxWWUmyKw","Experiments with DanPlan","DanPlan","1","en","PT14M35S","hd","false","True","False","369268","42125","2864","0","11901"
"CA_27","3hYSnyVLmGE","2020-04-18T15:00:05.000Z","UCR1IuLEqb6UEA_zQ81kwXfg","The Insane Engineering of the SR-71 Blackbird","Real Engineering","28","en","PT18M55S","hd","true","True","False","823968","39127","455","0","2501"
"CA_28","V_m7Ik9NZWk","2020-04-17T18:42:02.000Z","UCTSRIY3GLFYIpkR2QwyeklA","This Movie Has Every Stereotype","Drew Gooden","23","en","PT17M53S","hd","false","True","False","1497535","114371","802","0","8463"
"CA_29","jOrQIQ3j4y0","2020-04-17T16:00:10.000Z","UCwtnkRZcvL4bfopzJ-Von8Q","She Said YES! - Prom Knight Episode 2 - Merrell Twins","merrelltwins","23","en","PT14M22S","hd","true","True","False","2029737","85325","2670","0","15901"
"CA_30","v4Dtvf56xRI","2020-04-19T14:00:19.000Z","UCOpP5PqrzODWpFU961acUbg","Building up a new hardtail mountain bike... again!","Berm Peak Express","17","en-US","PT15M40S","hd","false","True","False","456897","28988","184","0","1707"
"CA_31","aIo9RWE2u5M","2020-04-17T16:04:39.000Z","UCByWJsWPztkY3Rta2B62tgg","CONSTRUIRE UNE CABANE PENDANT LE CONFINEMENT avec @FastGoodCuisine","HugoPOSAY","23","fr","PT14M46S","hd","false","True","False","1812853","224006","2380","0","2114"
"CA_32","83xBPCw5hh4","2020-04-17T04:00:08.000Z","UC2CCXzC56k0b8L49R_iW-Yw","DaBaby ‚Äì ROCKSTAR FT RODDY RICCH [Audio]","DaBaby","10","en","PT3M2S","sd","false","False","False","3957920","176657","2461","0","7982"
"CA_33","onC0BiTf9R0","2020-04-19T16:00:30.000Z","UCsOoQeBWPnfWBYAwmO795zg","OCEANS (Where Feet May Fail) - Hillsong Church Online","Hillsong UNITED","10","en","PT6M13S","hd","false","True","False","144579","18084","62","0","871"
"CA_34","N_87Ow7HTdQ","2020-04-19T14:00:11.000Z","UChBEbMKI1eCcejTtmI32UEw","Making Panda Express Orange Chicken At Home | But Better","Joshua Weissman","26","en","PT7M4S","hd","false","True","False","563192","40076","532","0","3037"
"CA_35","tO3u-5YRPpQ","2020-04-18T22:32:11.000Z","UC8Su5vZCXWRag13H53zWVwA","Members of the Coronavirus Task Force Hold a Press Briefing | TIME","TIME","25",NULL,"PT1H8M37S","hd","false","True","False","342649","1847","1273","0","1074"
"CA_36","xqGL7xjl-6M","2020-04-19T00:53:12.000Z","UChLtXXpo4Ge1ReTEboVvTDg","Global National: April 18, 2020 | Trudeau says reopening too soon could come at greater cost","Global News","25","en-CA","PT22M29S","hd","false","True","False","191367","781","184","0","835"
"CA_37","p2psjz9MBpw","2020-04-17T19:01:02.000Z","UCsTcErHg8oDvUnTzoqsYeNw","Dear Apple","Unbox Therapy","28","en","PT18M54S","hd","false","True","False","2217625","109460","11488","0","9563"
"CA_38","enU6nyyNR4I","2020-04-18T16:00:30.000Z","UCSpFnDQr88xCZ80N-X7t0nQ","VFX Artists React to Bad & Great CGi 23","Corridor Crew","24","en","PT14M18S","hd","false","True","False","1450721","75935","924","0","9749"
"CA_39","PGlHkSHC_qw","2020-04-17T13:58:06.000Z","UCtpzjafUx5qbmxJdqm4-qmg","iann dior - Sick and Tired ft. Machine Gun Kelly & Travis Barker (Official Music Video)","iann dior","10",NULL,"PT2M48S","hd","false","False","False","1705538","116177","2309","0","6633"
"CA_40","nMDOSLEVdBw","2020-04-16T16:00:33.000Z","UC652oRUvX1onwrrZ8ADJRPw","Playboi Carti - @ MEH [Official Video]","Playboi Carti","10",NULL,"PT2M48S","hd","false","False","False","8302142","383184","38640","0","66127"
"CA_41","ik4b9WKdti0","2020-04-19T18:20:23.000Z","UCV6HJBZD_hZcIX9JVJ3dCXQ","WildEarth - Sunset Safari - 19 April 2020","WildEarth","15",NULL,"PT3H2M55S","hd","false","False","False","81914","1814","54","0","16"
"CA_42","-S3IKNy8GRk","2020-04-18T16:32:20.000Z","UCnrhy622SNPt04Avj5idFIg","GYM - PAROLE DE CHAT","Parole de chat","15","fr","PT2M51S","hd","true","True","False","280938","30497","214","0","824"
"CA_43","GnDcD7rtaV4","2020-04-18T14:38:43.000Z","UCXgxNzAgZ1GExhTW4X1mUrg","ESSENTIAL WORKERS ANTHEM","Marc Rebillet","24",NULL,"PT3M21S","sd","false","True","False","295703","23901","174","0","1118"
"CA_44","jfz4_lpbjVw","2020-04-18T14:00:17.000Z","UCRzPUBhXUZHclB7B5bURFXw","Why LeRoy & Lewis Is The Most Unique Barbecue in Austin ‚Äî Smoke Point","Eater","26","en-US","PT13M15S","hd","true","True","False","799530","12024","391","0","656"
"CA_45","E1tg-7jbBAM","2020-04-17T17:38:47.000Z","UCuTQDPUE12sy7g1xf1LAdTA","The ""Coolest"" House on Tik Tok","Noel Miller","23",NULL,"PT11M17S","hd","false","False","False","834721","100995","478","0","5319"
"CA_46","_IGJfGPA0AY","2020-04-17T21:00:12.000Z","UCkin59aR57-RgqvN04jHSIg","Exam Season: Quarantine Edition","Joana Ceddia","23","en","PT10M55S","hd","false","True","False","783250","71567","275","0","5260"
"CA_47","U4c5eo_3-y0","2020-04-15T00:32:44.000Z","UCrR64M5gT2TMIYH8qesbJIQ","DIY Face Mask Tutorial With Kay","WeirDass","23",NULL,"PT4M24S","hd","false","False","False","4735983","38860","1208","0","1753"
"CA_48","3NhKQfVigYc","2020-04-19T11:00:01.000Z","UClOeGHFiUlegRJFGhkMxoHg","L'activit√© de confinement qui rend FOU! (FLUID ART Strings) | DENYZEE","DENYZEE","23","fr","PT10M39S","hd","false","True","False","530212","41913","1213","0","3857"
"CA_49","fQallQyxAfw","2020-04-19T16:00:31.000Z","UCIEv3lZ_tNXHzL3ox-_uUGQ","Can Gordon Ramsay Cook a Burger in 10 Minutes for a Front-Line Workers Charity? | Ramsay In 10","Gordon Ramsay","24","en-GB","PT13M54S","hd","false","True","False","1086774","34834","773","0","3818"
"CA_50","qCVLRh1y96M","2020-04-18T17:00:20.000Z","UC2t5bjwHdUX4vM2g8TRDq5g","Tales of Runeterra: Piltover and Zaun | ‚ÄúTrue Genius‚Äù","League of Legends","20","en","PT3M7S","hd","true","True","False","1964631","110400","1611","0","6055"
"CA_51","P1EalbUQfiU","2020-04-18T08:02:17.000Z","UCUhFaUpnq31m6TNX2VKVSVA","BMW M8 vs Nissan GT-R vs Ferrari V12 - DRAG RACE!","carwow","2","en","PT10M24S","hd","false","True","False","2113502","67519","2122","0","7138"
"CA_52","bIKbOqdQvhA","2020-04-17T17:00:06.000Z","UC-yXuc1__OzjwpsJPlxYUCQ","Tee Grizzley - ‚ÄúRobbery‚Äù (Official Music Video - WSHH Exclusive)","WORLDSTARHIPHOP","10","en","PT2M38S","hd","false","False","False","633455","40188","616","0","2570"
"CA_53","tEz3eEKtsJU","2020-04-19T13:00:30.000Z","UCyEd6QBSgat5kkC6svyjudA","The Boss of RASTA JAMAICAN FOOD!! üáØüá≤ Legendary Ras Mokko at @Ras Kitchen - Jamaica!","Mark Wiens","19","en-US","PT33M44S","hd","true","True","False","685206","20748","779","0","3068"
"CA_54","glD1M418bC0","2020-04-16T23:00:11.000Z","UC3Pa0DVzVkqEN_CwsNMapqg","Sam Smith, Demi Lovato - I‚Äôm Ready","SamSmithVEVO","10",NULL,"PT3M27S","hd","true","True","False","12848778","545796","26898","0","25074"
"CA_55","8yAFmiFa6eI","2020-04-17T01:00:05.000Z","UC_IpSl6O_-IRAA6fiNs05Gg","Ariana Grande Performs 'I Won't Say I'm In Love' - The Disney Family Singalong","ABC","24",NULL,"PT2M18S","hd","true","True","False","2457157","102050","2466","0","6601"
"CA_56","HO5P8xJUuRk","2020-04-17T17:15:26.000Z","UC1KsxDW7hhfeq5QQmFtInIw","making chicken teriyaki from my pantry","julien solomita","24",NULL,"PT15M24S","hd","false","True","False","499319","42061","248","0","3278"
"CA_57","CO5OxOi4Q5M","2020-04-18T21:41:26.000Z","UCrA2bqOHwjX1DxgP9CaVJzw","Ants during the pandemic","Lenarr Young","23",NULL,"PT6M17S","hd","false","True","False","540140","56260","488","0","2605"
"CA_58","O6yKmy5sydo","2020-04-17T04:00:18.000Z","UC6G2vAJrt407lwiynW116Eg","The Kid LAROI & Lil Tjay - Fade Away (Lyric Video)","The Kid LAROI.","10",NULL,"PT3M","hd","false","False","False","932465","64259","656","0","4941"
"CA_59","CUKYM7leFFQ","2020-04-17T14:00:31.000Z","UClG8odDC8TS6Zpqk9CGVQiQ","X-Force Joins Deadpool in Fortnite! | Fortnite","Fortnite","20","en","PT43S","hd","false","True","False","1653325","71686","4438","0","6764"
"CA_60","idtthDOlWMc","2020-04-18T15:59:30.000Z","UCg-_lYeV8hBnDSay7nmphUA","BoatBuilding - Fitting Deck Beams! (Tally Ho EP70)","Sampson Boat Co","22","en-US","PT20M53S","hd","false","True","False","156066","15949","36","0","1115"
"CA_61","IHjelomI83U","2020-04-18T17:12:07.000Z","UCuFFtHWoLl5fauMMD5Ww2jA","Canada, U.S. agree to extend border restrictions, Trudeau says","CBC News","25","en-GB","PT1H55M58S","hd","true","True","False","197167","1119","497","0","589"
"CA_62","M1B3gATS0GE","2020-04-17T17:49:58.000Z","UC3KEoMzNz8eYnwBC34RaKCQ","I built myself a proud parent","Simone Giertz","28","en","PT16M34S","hd","false","False","False","640189","69529","291","0","5017"
"CA_63","E9avjD9ugXc","2020-04-17T23:14:38.000Z","UCy0tKL1T7wFoYcxCe0xjN6Q","Coffee Percolators: An Explanation and Roast","Technology Connections","28","en","PT24M58S","hd","true","True","False","390548","22905","703","0","6802"
"CA_64","lWtNxIhFqqE","2020-04-12T10:00:01.000Z","UCKa3zgW9h9SsYV5he-oqoqw","Mother Cat Burst of joy Because of Her Kittens","Kaja Cattery","15","en-US","PT3M42S","hd","false","True","False","1457250","41741","1030","0","2025"
"CA_65","ZUXwDpGylpw","2020-04-17T05:26:45.000Z","UCj34AOIMl_k1fF7hcBkD_dw","EXCLUSIVE iPhone 12 Pro Max Design Leaks! It's HUGE","EverythingApplePro","28","en","PT12M18S","hd","false","True","False","2816921","63804","2944","0","23567"
"CA_66","SFmnEhHNswU","2020-04-17T04:01:56.000Z","UCOlxqtcKc-HBEQJgDsylyhA","Lil Tecca - Out Of Love (Official Audio)","Lil Tecca","10",NULL,"PT2M34S","hd","false","False","False","697042","65745","571","0","6251"
"CA_67","XJs1W-qvyyk","2020-04-17T15:41:12.000Z","UCG72WbiCvdB6JKU-3YRP8Kg","Here's Why I Think Infiniti Will Fail","More Doug DeMuro","22",NULL,"PT11M5S","hd","false","True","False","512204","21081","800","0","5484"
"CA_68","-tTolsE8vls","2020-04-17T04:00:02.000Z","UCZwJNsS8DxGT8iTtOVbYUNg","Blueface - Tour (feat. Asian Doll, Glokk 9, NLE Choppa, Sada Baby & Kiddo Curry) - Official Video","blueface bleedem","10",NULL,"PT4M35S","hd","false","False","False","1315073","82287","2860","0","8896"
"CA_69","Jmzxtk2HwLA","2020-04-17T17:00:11.000Z","UCircJf-FlToBNjuy9xG-i5A","Ryan Interviews Shane in a Haunted House ‚Ä¢ Spooky Small Talk","Watcher","24","en-US","PT14M2S","hd","true","True","False","316515","30265","81","0","1821"
"CA_70","rwpSwkwQNME","2020-04-17T14:00:35.000Z","UCarEovlrD9QY-fy-Z6apIDQ","Hasan's Home Workout | Patriot Act with Hasan Minhaj | Netflix","Patriot Act","22","en","PT13M43S","hd","false","True","False","397603","17829","174","0","1653"
"CA_71","mRHTBcOHu_A","2020-04-18T15:00:21.000Z","UC7_YxT-KID8kRbqZo7MyscQ","Sour Patch Kids: THE FINAL INSULT","Markiplier","23","en","PT11M10S","hd","false","True","False","1649719","162005","771","0","9909"
"CA_72","IJZZ6dPPawM","2020-04-17T05:00:10.000Z","UCZSaQhZP1q2LwzIh5XLwMew","Kelly Rowland - COFFEE (Official Video)","Kelly Rowland","10","en","PT2M26S","hd","false","True","False","1608484","147499","2562","0","11752"
"CA_73","YpimJWMn0wQ","2020-04-16T16:00:05.000Z","UCLRmIdRJgLfmdpJufmBhBuA","L.A. Galaxy Train Emma Chamberlain and Kevin Hart","LOL Network","23","en","PT14M58S","hd","true","True","False","4013796","154099","3155","0","5885"
"CA_74","N8wzPaZCwbw","2020-04-17T16:49:17.000Z","UCWeg2Pkate69NFdBeuRFTAw","les gars j'ai appris √† cuisiner","SQUEEZIE","24","fr","PT14M25S","hd","false","True","False","4342192","458875","3444","0","31409"
"CA_75","uZ-it8ydAUQ","2020-04-17T14:36:13.000Z","UCfHn_8-ehdem86fEvlFg-Gw","Canada : Un avion atterrit en urgence en plein milieu de l'autoroute","Le Parisien","25",NULL,"PT1M25S","hd","false","True","False","1573599","13551","349","0","1480"
"CA_76","wNFY8lJhm0A","2020-04-17T04:00:10.000Z","UCYpVqLSvfseUqb2URAkexlw","Kygo, Zak Abel - Freedom ft. Zak Abel","KygoOfficialVEVO","10",NULL,"PT3M18S","hd","false","True","False","1353764","93176","754","0","2896"
"CA_77","fKNR067Aqbk","2020-04-17T15:00:32.000Z","UCodbH5mUeF-m_BsNueRDjcw","Miscellaneous Myths: Typhon","Overly Sarcastic Productions","27","en","PT4M52S","hd","false","True","False","357934","33698","130","0","2631"
"CA_78","BCrVeJUbID4","2020-04-17T01:00:04.000Z","UCVWifhNM3tx877Z7h3ovtRA","VIVARIUM (2020) Ending Explained","FoundFlix","24",NULL,"PT25M1S","hd","false","True","False","1007072","32821","598","0","2985"
"CA_79","fakf4cq4Ygw","2020-04-16T20:45:11.000Z","UCnBkqftMxYPr0ib_9cUA5xw","'Daycare Closed' by Chris Mann (A Lil Nas X & Billy Ray Cyrus Parody)","Chris Mann Music","10","en","PT2M47S","hd","false","True","False","848171","23045","381","0","1084"
"CA_80","jPan651rVMs","2020-04-16T04:00:10.000Z","UCZW5lIUz93q_aZIkJPAC0IQ","Joji - Gimme Love (Official Video)","88rising","24","en-US","PT3M46S","hd","false","False","False","9938614","518469","4153","0","29733"
"CA_81","CiZj1QSmXyg","2020-04-17T09:42:58.000Z","UCeLPm9yH_a_QH8n6445G-Ow","Îç§ÎçîÎüº(Dumhdurum) - ÏóêÏù¥ÌïëÌÅ¨(Apink) [ÎÆ§ÏßÅÎ±ÖÌÅ¨/Music Bank] 20200417","KBS Kpop","10","ko","PT4M12S","hd","false","True","False","676394","47484","363","0","2108"
"CA_82","ydj4oSiEis4","2020-04-18T00:18:12.000Z","UC8Su5vZCXWRag13H53zWVwA","The Coronavirus Task Force Holds A Press Briefing From The White House | TIME","TIME","25",NULL,"PT1H44M26S","hd","false","True","False","295079","1271","680","0","316"
"CA_83","5N1kKLywggw","2020-04-16T20:02:01.000Z","UCX_lLBpYS7FtqmSSFs3esig","Asma Lmnawar Ft. Hatim Ammor - Hayna ( EXCLUSIVE CLIP VIDEO ) ÿ£ÿ≥ŸÖÿß ŸÑŸÖŸÜŸàÿ± Ÿà ÿ≠ÿßÿ™ŸÖ ÿπŸÖŸàÿ± - ŸáÿßŸäŸÜÿ©","Hatim Ammor l ÿ≠ÿßÿ™ŸÖ ÿπŸÖŸàÿ±","10","fr","PT2M44S","hd","false","True","False","4173434","170675","6025","0","12519"
"CA_84","SQIbeAk-bFA","2020-04-15T15:09:24.000Z","UCE_M8A5yxnLfW0KghEeajjw","The new iPhone SE ‚Äî Apple","Apple","28","en","PT58S","hd","false","False","False","17199154","573486","69476","0",NULL
"CA_85","GpZEhFYAG4U","2020-04-17T04:00:41.000Z","UCRI7hheejBbWS6etTNwMT0g","Anuel AA, Rvssian, Juice WRLD - No Me Ame (Official Video)","Anuel AA","10","es","PT3M4S","hd","false","False","False","8511812","330701","9142","0","16693"
"CA_86","OE-Y-PotqTQ","2020-04-15T20:48:19.000Z","UCsTcErHg8oDvUnTzoqsYeNw","This is the iPhone SE 2","Unbox Therapy","28","en","PT13M6S","hd","false","True","False","8020397","206033","36467","0","26252"
"CA_87","bTaWEKkoysE","2020-04-16T20:00:06.000Z","UCjgpFI5dU-D1-kh9H1muoxQ","How Strong Is This Exoskeleton? (POWER LOADER: PART 9)","the Hacksmith","28","en","PT11M20S","hd","true","True","False","2193190","75707","1791","0","3794"
"CA_88","J4wXv_aE0AA","2020-04-17T02:30:10.000Z","UCQ0gG42bXPBi7yHx9UJyexQ","Being Single Again","LeendaDProductions","1",NULL,"PT20M49S","hd","false","True","False","165603","8914","134","0","740"
"CA_89","AWV3pIesd0Y","2020-04-17T16:00:09.000Z","UCqHnXpWR6PGgkIGrPp_aLxg","Monsta X - YOU CAN'T HOLD MY HEART (Official Music Video)","MONSTAXVEVO","10",NULL,"PT3M2S","hd","false","True","False","1215714","268028","1741","0","18419"
"CA_90","KU32GOJyn6U","2020-04-16T16:00:06.000Z","UCEr55381WIqO1w_IzgcI5DQ","I CHEATED ON MY BARBER...AGAIN! | Anwar Jibawi","Anwar Jibawi","23","en","PT13M19S","hd","false","True","False","1519592","77429","2330","0","4834"
"CA_91","CpkZfkxdj2c","2020-04-10T20:56:26.000Z","UCmhzb5pJId5QY0r6gZqMDdA","Lee Brice - One of Them Girls (Official Music Video)","Lee Brice","10",NULL,"PT3M7S","hd","false","True","False","765075","21017","214","0","269"
"CA_92","kwTNtpx13ZE","2020-04-17T06:30:01.000Z","UCZSNzBgFub_WWil6TOTYwAg","Mrs. Serial Killer Official Trailer | Jacqueline Fernandez, Manoj Bajpayee | May 1 | Netflix India","Netflix India","24","en-US","PT1M44S","hd","false","False","False","3228315","84873","9261","0","5792"
"CA_93","TTaepL9B0AY","2020-04-17T16:00:29.000Z","UCoo-9GEm2mpyYIXSptrKIpA","La Croix","2 Danny 2 Furious","10","en-US","PT2M10S","hd","false","True","False","481524","73608","382","0","6119"
"CA_94","2J5OE16C_zY","2020-04-16T08:44:37.000Z","UC1cVTv6C0Unv6TtadjBvYRA","CAPONE Official Trailer (2020) Tom Hardy, Al Capone Movie HD","Rapid Trailer","1","en","PT1M36S","hd","false","True","False","1121892","14426","797","0","2141"
"CA_95","ARmTJuR83M0","2020-04-17T17:17:46.000Z","UCuFFtHWoLl5fauMMD5Ww2jA","Trudeau earmarks $1.7B to clean orphan wells and expands business credits","CBC News","25","en-GB","PT2H2M31S","hd","true","True","False","261853","1082","706","0","752"
"CA_96","6d9XjnV2iKA","2020-04-16T01:44:15.000Z","UCOSIXyYdT93OzpRnAuWaKjQ","Luke Combs - Six Feet Apart (Unreleased Original)","Luke Combs","10",NULL,"PT3M3S","hd","false","False","False","1836558","54503","521","0","1975"
"CA_97","_VP8ftQXAQE","2020-04-16T06:11:27.000Z","UC9gFih9rw0zNCK3ZtoKQQyA","Bunny's One Year Update","JennaMarbles","23",NULL,"PT23M26S","hd","false","True","False","2226252","238989","758","0","17339"
"CA_98","pt4mZaYzmII","2020-04-15T23:32:05.000Z","UC-rN2gfG9OhqitnrRPnPmHg","IT'S TIME WE SHARE THIS...","THIS IS L&S","22",NULL,"PT13M18S","hd","false","True","False","2761046","138326","6720","0","22365"
"CA_99","YgzhJcBnKOg","2020-04-16T16:00:10.000Z","UClesqLjeKJd-dG8xLfzJyCQ","5 Seconds of Summer - Wildflower (Official Video)","5SOSVEVO","10",NULL,"PT3M49S","hd","true","True","False","1491078","210867","1144","0","14671"
"CA_100","l8kslNSKMfc","2020-04-16T13:00:22.000Z","UC1sELGmy5jp5fQUugmuYlXQ","Announcing the Minecraft with RTX for Windows 10 Beta!","Minecraft","20","en","PT1M7S","hd","true","False","False","1952859","99540","1760","0","16525"
"CA_101","pq1VJx72fFU","2020-04-16T16:15:23.000Z","UCuE1A4MDBt8YkgUkRAKMtjw","Kehlani - ""Everybody Business"" (Quarantine Style) Official Video","Kehlani","10","en","PT3M26S","hd","false","True","False","1129937","94574","917","0","3161"
"CA_102","tJk8UevZbIs","2020-04-16T09:00:35.000Z","UC_mneEC0wc29EGGmIsN_xLA","Filling Up on Cheese Before Dinner","Aunty Donna","23","en-GB","PT3M3S","hd","true","True","False","417093","20117","217","0","841"
"CA_103","bpXwOSHTwsY","2020-04-16T14:00:09.000Z","UCb4JB8-ZAeceuR7EPCPOPzg","Andrea Bocelli: Amazing Grace ‚Äì Music For Hope (Live From Duomo di Milano)","Andrea Bocelli","10",NULL,"PT4M58S","hd","false","True","False","1246342","44043","514","0","1563"
"CA_104","4fgrbWfUrO4","2020-04-14T17:18:24.000Z","UCUs8sGiP4avNaYNVO22INhQ","Machine Gun Kelly - In These Walls","Machine Gun Kelly","10",NULL,"PT2M46S","hd","false","True","False","6525385","322831","8492","0","25355"
"CA_105","QXpbjzofb7Y","2020-04-15T22:10:01.000Z","UCfdNM3NAhaBOXCafH7krzrA","When Will Coronavirus Pandemic End?","The Infographics Show","27","en","PT6M39S","hd","true","True","False","2053654","54051","3096","0","10389"
"CA_106","a70dbulRjx0","2020-04-15T17:15:01.000Z","UCgFvT6pUq9HLOvKBYERzXSQ","Teaching My Girlfriend How To SLAP BASS","Davie504","24","en","PT10M3S","hd","false","True","False","2573197","441226","2308","0","34139"
"CA_107","45u1Xv58zkM","2020-04-16T13:58:05.000Z","UC52XYgEExV9VG6Rt-6vnzVA","Destiny 2: Shadowkeep ‚Äì Guardian Games ‚Äì Gameplay Trailer","destinygame","20",NULL,"PT50S","hd","false","False","False","309754","9242","827","0","2092"
"CA_108","F6uGdStVJNc","2020-04-15T23:18:30.000Z","UC5utlnoY2NzMkPov5LNeR-Q","Jackboy - Pressure (Official Video)","1804 Jackboy","10",NULL,"PT3M34S","hd","false","True","False","1822728","68496","2439","0","3999"
"CA_109","50y1sYAEhUE","2020-04-16T18:00:12.000Z","UC77sAm_mEiNRAlXvVAsck4w","Nafe Smallz, M Huncho - Part Of The Plan (Official Music Video)","Nafe Smallz","10","en-GB","PT3M5S","hd","false","True","False","587532","27090","404","0","1372"
"CA_110","HyOCCCbxwMQ","2020-04-15T20:00:01.000Z","UCWOA1ZGywLbqmigxE4Qlvuw","Never Have I Ever | Official Trailer | Netflix","Netflix","24","en-US","PT2M2S","hd","true","True","False","2652736","81454","3199","0","3968"
"CA_111","WlQ_kW4XACk","2020-04-16T23:27:27.000Z","UC8Su5vZCXWRag13H53zWVwA","The Coronavirus Task Force Holds A Press Briefing | TIME","TIME","25",NULL,"PT1H12M45S","hd","false","True","False","179259","818","390","0","336"
"CA_112","SC0yTCpx5IQ","2020-04-16T12:37:28.000Z","UCH6vXjt-BA7QHl0KnfL-7RQ","AMBUSH (At home special)","Simon's Cat","1","en-GB","PT1M22S","hd","false","True","False","407753","21873","481","0","823"
"CA_113","RLzn41-F0Ek","2020-04-16T16:41:43.000Z","UCRB-a6u9flpg0xuBqCf9QlQ","@ MEH","Playboi Carti - Topic","10",NULL,"PT2M47S","hd","false","True","False","284928","12382","532","0","769"
"CA_114","3SHN4xUUuIw","2020-04-15T19:02:41.000Z","UC9fSZHEh6XsRpX-xJc6lT3A","The NEW iPhone SE (2020) Is Here!","UrAvgConsumer","28","en","PT7M20S","hd","false","True","False","1218631","27324","4734","0","3352"
"CA_115","v71vugKdkO4","2020-04-15T23:45:45.000Z","UCdBK94H6oZT2Q7l0-b0xmMg","Unboxing the smallest GAMING PC you can buy! - Intel Ghost Canyon NUC","ShortCircuit","22","en","PT9M40S","hd","true","True","False","1357614","41743","838","0","4463"
"CA_116","F2RTtGf69UI","2020-04-15T15:58:16.000Z","UCDlQwv99CovKafGvxyaiNDA","This is the $399 iPhone SE 2! (2020)","Jonathan Morrison","28","en","PT4M5S","hd","false","True","False","1471013","29768","9006","0","3901"
"CA_117","8OudfiD6NZw","2020-04-15T16:00:06.000Z","UCY30JRSgfhYXA6i6xX1erWg","Every Awkward Moment Ever","Smosh","23","en","PT10M13S","hd","true","True","False","1243042","57182","1176","0","4009"
"CA_118","DeZb6Jonv9k","2020-04-15T16:00:17.000Z","UCwylRzJpQ029ICzdLIyu28w","TELLING MY HUSBAND IM PREGNANT | EMOTIONAL ANNOUNCEMENT","Chris&Pam","22",NULL,"PT15M32S","hd","false","True","False","170620","7316","323","0","377"
"CA_119","ppWPuXsnf1Q","2020-04-16T21:25:09.000Z","UCYO_jab_esuFRV4b17AJtAw","Lockdown math announcement","3Blue1Brown","27","en","PT2M13S","hd","false","True","False","489608","41676","197","0","2639"
"CA_120","X2WvbixiuwA","2020-04-15T19:00:12.000Z","UCTGvupQMw-IokKJ6U9zFgjQ","Fenix Flexin - RIP Mac P Dawg","Shoreline Mafia","10","en","PT2M36S","hd","false","True","False","911059","62818","520","0","3887"
"CA_121","wDcSigYUYZQ","2020-04-16T13:02:38.000Z","UC4UQFLK99sYuG1b8oRd5BvQ","Trivium - Amongst The Shadows & The Stones (Official Audio)","Trivium","10","en-US","PT5M41S","hd","false","True","False","354236","23265","208","0","2071"
"CA_122","xrAdbH28gIg","2020-04-15T13:00:11.000Z","UCSf-NCzjwcnXErUBW_qeFvA","RATTLE! | Official Lyric Video | Elevation Worship","Elevation Worship","10","en","PT10M37S","hd","false","True","False","946258","45833","546","0","2481"
"CA_123","L8bij7HIiMc","2020-04-15T16:08:21.000Z","UCFtaxL-IZiZHJqzxvv1LmZQ","La meilleure vid√©o de la cha√Æne ! (titre non contractuel)","Des Cuts et des Zooms","23",NULL,"PT20M18S","hd","false","False","False","1238913","114998","1076","0","9374"
"CA_124","qWGYRqNmeQ0","2020-04-17T04:00:30.000Z","UC2CCXzC56k0b8L49R_iW-Yw","DaBaby ‚Äì JUMP FT NBA YOUNGBOY [AUDIO]","DaBaby","10","en","PT3M33S","sd","false","False","True","2089843","103824","2735","0","0"
"CA_125","Ms7capx4Cb8","2020-04-09T17:29:33.000Z","UCy0Pr5u-MwGXXzp_GDd4m_g","Explaining the Pandemic to my Past Self","Julie Nolke","23","en","PT3M","hd","false","True","False","2482645","39481","779","0","1132"
"CA_126","2Nxi6IjU7zA","2020-04-15T17:25:10.000Z","UCj34AOIMl_k1fF7hcBkD_dw","iPhone SE 2020 Released! Everything New","EverythingApplePro","28","en","PT5M17S","hd","false","True","False","1679250","40806","2009","0","7079"
"CA_127","-6XwN_wu3KU","2020-04-16T01:00:18.000Z","UCOmHUn--16B90oW2L6FRR3A","BLACKPINK - 'Kill This Love' Live at Coachella 2019","BLACKPINK","10","ko","PT3M49S","hd","false","True","False","2315277","282505","4444","0","16967"
"CA_128","FfWomPGz0IU","2020-04-16T14:00:11.000Z","UCoRUmyNL8KEYftmxRA2n3SQ","Kelly Clarkson - I Dare You [Official Lyric Video]","Kelly Clarkson","10",NULL,"PT3M29S","hd","false","True","False","767777","31134","396","0","1532"
"CA_129","BQAh-Rm8a20","2020-04-16T10:00:13.000Z","UCqq-ovGE01ErlXakPihhKDA","Ïª§Ï¶∑Îßê Í∞ôÏùÄ ÎπÑÏ•¨Ïñº ÏóêÏù¥ÌïëÌÅ¨üôä ÎÇ¥ Ïã¨Ïû•ÏùÄ ÏïàÎç§ÎçîÎüºüíó | Apink _ Dumhdurum(Îç§ÎçîÎüº) | ÏàòÌä∏ÎåÑÏä§ | Suit Dance | Î∞ïÏ¥àÎ°± Ïú§Î≥¥ÎØ∏ Ï†ïÏùÄÏßÄ ÏÜêÎÇòÏùÄ ÍπÄÎÇ®Ï£º Ïò§ÌïòÏòÅ","1theK Originals - ÏõêÎçîÏºÄÏù¥ Ïò§Î¶¨ÏßÄÎÑê","24","ko","PT3M49S","hd","true","True","False","1256710","78373","423","0","4629"
"CA_130","ed6UMqGMI9Y","2020-04-14T16:00:10.000Z","UCwtnkRZcvL4bfopzJ-Von8Q","My Youtube Crush - Prom Knight Episode 1 - Merrell Twins","merrelltwins","23","en","PT16M29S","hd","true","True","False","1602950","89785","1087","0","13793"
"CA_131","lCN97ZS7Ax4","2020-04-15T18:03:06.000Z","UCJquYOG5EL82sKTfH9aMA9Q","What Makes This Song Great?‚Ñ¢ Ep.87 LED ZEPPELIN (#2)","Rick Beato","10","en-US","PT16M27S","hd","false","False","False","504945","31813","153","0","4855"
"CA_132","m2zH7b2M5E0","2020-04-14T13:08:18.000Z","UCufNJ4wUCXQRAS6M2pjIB6A","Toothy Thomas","Ben Campbell","1",NULL,"PT27S","hd","false","False","False","1647882","19517","285","0","673"
"CA_133","_HhAzr5DLik","2020-04-16T01:00:14.000Z","UCOmHUn--16B90oW2L6FRR3A","BLACKPINK - 'Î∂êÎ∞îÏïº (BOOMBAYAH)' Live at Coachella 2019","BLACKPINK","10","ko","PT4M25S","hd","false","True","False","2185508","254671","4441","0","17706"
"CA_134","j0icRnLuwhU","2020-04-15T15:01:34.000Z","UCUl7mwOyySfZzUkq4H29nug","J'AI ACHETE UN KART POUR LE LOCAL ...","LeBouseuh Gaming","24","fr","PT6M53S","hd","false","True","False","923547","129628","839","0","4330"
"CA_135","O_il5rXrzx0","2020-04-15T20:05:46.000Z","UCDGuaewBqmqF5buNPnoT1Bg","BREAKING: 18 WWE WRESTLERS HAVE BEEN FIRED IN ONE GO! Wrestling News!","Wrestlelamia","24",NULL,"PT10M30S","hd","false","True","False","506188","8388","444","0","3554"
"CA_136","uLj9WfoWPSQ","2020-04-15T15:00:36.000Z","UCNSMdQtn1SuFzCZjfK2C7dQ","Groundbreaking Motorcycle Helmets ‚Äì Best of 2020","FortNine","2","en","PT10M16S","hd","false","True","False","443393","18469","216","0","1215"
"CA_137","Omd81FH60So","2020-04-16T01:29:31.000Z","UChLtXXpo4Ge1ReTEboVvTDg","Global National: April 15, 2020 | Trudeau stresses patience; concerns grow over care home outbreaks","Global News","25","en-CA","PT22M7S","hd","false","True","False","123075","485","120","0","348"
"CA_138","Sy9glE0OACo","2020-04-14T17:00:11.000Z","UCKhnGk6OEu218Dtd37gus-w","D Smoke & Snoop Dogg - Gaspar Yanga (Official Video)","D Smoke","10",NULL,"PT4M49S","hd","false","True","False","2816552","165201","2620","0","7103"
"CA_139","d_fX1vLxCEM","2020-04-16T14:16:03.000Z","UCLe_kjXzRP_0opzw-BXiQxw","Apple Sent Us The iPhone SE 2","XtremeGamez","24","en","PT10M59S","hd","false","True","False","1021668","62546","17755","0","21848"
"CA_140","gT5Awu8s9W0","2020-04-14T19:01:42.000Z","UCucot-Zp428OwkyRm2I7v2Q","Full Face Using Only Airbrush Makeup! (4th attempt üòê)","James Charles","24","en","PT13M40S","hd","false","True","False","7248227","391250","10647","0","22783"
"CA_141","TK42oKon_5I","2020-04-15T22:36:44.000Z","UCq8jp0E99ELBvmBxjJ-JLgA","Why WWE Will Never Be The Same Again","WhatCulture Wrestling","17","en-US","PT10M13S","hd","false","True","False","461444","13523","402","0","3621"
"CA_142","w73eRM-6e6M","2020-04-15T13:00:35.000Z","UC3DFdy_qc-cqgKCyQTHLGzA","Locked down on Berm Peak with my buddies","BKXC","17","en","PT10M40S","hd","false","False","False","225754","6771","176","0","311"
"CA_143","_S7x1_jlPYY","2020-04-15T15:39:01.000Z","UCaP1PNnr055fOt89JPry51w","Apple's $399 iPhone SE (2020) is Officially Here!","Justin Tse","28","en","PT3M24S","hd","false","True","False","459602","11265","684","0","5435"
"CA_144","aliY82008tk","2020-04-14T17:30:00.000Z","UCPDXXXJj9nax0fr0Wfc048g","If Google Was a Guy: Quarantine Edition","CollegeHumor","23","en","PT4M4S","hd","true","True","False","1375893","95476","2711","0","4581"
"CA_145","Z9scYCM6MnU","2020-04-15T13:26:34.000Z","UC7UJt97355DaghtQIkcp1-Q","Johnny Orlando - See You (Official Video)","JohnnyOrlandoVEVO","10",NULL,"PT2M58S","hd","true","True","False","1205352","69403","603","0","16604"
"CA_146","o5Ejup_nfPY","2020-04-14T21:01:17.000Z","UCVpankR4HtoAVtYnFDUieYA","Pets in Isolation","zefrank1","15","en","PT3M3S","hd","false","True","False","1119330","91000","704","0","3075"
"CA_147","qZE5Yx0YduU","2020-04-15T17:00:32.000Z","UCzfyYtgvkx5mLy8nlLlayYg","Hazbin Hotel + Helluva Boss SPRING SALE","Vivziepop","1","en","PT1M48S","hd","false","True","False","518548","57593","1231","0","4354"
"CA_148","5-s3ANu4eMs","2020-04-14T15:46:06.000Z","UCWNpXitY8eJ-ku6M-v25MKw","President Barack Obama endorses Joe Biden For President","Joe Biden","25","en","PT11M58S","hd","false","False","False","1827424","56833","35585","0",NULL
"CA_149","DQzYnxN3tE4","2020-04-14T18:00:07.000Z","UCW39zufHfsuGgpLviKh297Q","Corona in Italy | DW Documentary","DW Documentary","27",NULL,"PT28M12S","hd","false","True","False","608480","4320","227","0","1025"
"CA_150","EcLu2etbx6w","2020-04-14T18:03:56.000Z","UCvvVOIyaYu2l4jiH9L8_eRw","Dax - ""Coronavirus"" (State Of Emergency) [Official Video]","Dax","10","en","PT3M8S","hd","false","False","False","1030889","77080","4601","0","9540"
"CA_151","aIoVVoGljlc","2020-04-14T17:00:01.000Z","UCYJPby9DRCteedh5tfxVbrw","Try Not To Laugh Challenge #44 ‚Äî LIVE from Australia!","Smosh Pit","22","en","PT12M56S","hd","true","True","False","972063","56065","707","0","2797"
"CA_152","1IUzZ60CJEI","2020-04-13T19:15:12.000Z","UCbfUA3UGxAWL3muD004g0WQ","Tory Lanez - Who Needs Love (Official Music Video)","Tory Lanez","10","en","PT3M1S","hd","false","False","False","2387155","101080","1283","0","3405"
"CA_153","j9wjPTILVVw","2020-04-15T18:10:41.000Z","UCJy0lX8ThZ7lCtst7JnegWQ","Enfin le Nouvel iPhone √† moins de 500‚Ç¨ ! (iPhone SE 2020)","Jojol","28","fr","PT5M56S","hd","false","True","False","752757","40214","1389","0","2401"
"CA_154","rnhEKl_FrXc","2020-04-14T18:28:50.000Z","UC2hFZwNM71iOOCY3guLE7KQ","Unboxing Rare MYSTERY Mini Brands","Little Lia","26","en","PT12M4S","hd","false","True","False","1979200","57310","4153","0","6466"
"CA_155","a2f6S5ogkK8","2020-04-14T23:53:39.000Z","UC8p1vwvWtl6T73JiExfWs1g","Watch live: President Trump and Coronavirus Task Force hold briefing at the White House","CBS News","25",NULL,"PT1H28M27S","hd","true","False","False","400679","2107","1329","0","941"
"CA_156","wu5T9Kp_iwU","2020-04-15T15:00:35.000Z","UCCQAt0ipBbsOOIFpIDu9z2Q","Will a 6.6l Duramax Diesel Fit Into a Chevy Camaro? // Knuckle Busters 2 Ep.2","Hoonigan Project Cars","2","en","PT10M4S","hd","false","True","False","415720","13814","204","0","700"
"CA_157","0-bFV6dvvlI","2020-04-14T16:00:05.000Z","UCKbNOpmhmwBuJXXMYOg_txA","Hockey Player Auston Matthews Breaks Down Hockey Scenes From Movies | GQ Sports","GQ Sports","17","en-US","PT14M48S","hd","true","True","False","538291","9416","199","0","820"
"CA_158","9rLQDeWuMNM","2020-04-15T15:00:04.000Z","UCuhAUMLzJxlP1W7mEk0_6lA","[ÏÜîÎùº] 'SPIT IT OUT' Concept Teaser (Performance ver.)","MAMAMOO","10","ko","PT22S","hd","false","True","False","787303","118671","739","0","4815"
"CA_159","3xq1hsGCh7s","2020-04-15T01:09:41.000Z","UCuxpxCCevIlF-k-K5YU8XPA","Here‚Äôs Why Used Car Prices are About to Plummet (Buy Now and Save Big)","Scotty Kilmer","2","en","PT10M17S","hd","false","True","False","711275","17673","702","0","2792"
"CA_160","kdxTvHc2_GQ","2020-04-13T19:52:57.000Z","UCt_DaLB_NDqPVxezyvcfRtg","CONFRONTING MY BOYFRIEND'S EX GIRLFRIEND","LARRAY","22","en","PT15M12S","hd","false","True","False","3831813","358199","6421","0","37523"
"CA_161","VPShStd8p3Q","2020-04-14T19:00:09.000Z","UC04KsGq3npibMCE9Td3mVDg","Why Sitcoms Stopped Using Laugh Tracks - Cheddar Explains","Cheddar","28","en","PT8M57S","sd","false","True","False","1921092","39291","1510","0","5681"
"CA_162","XwaH-qT4Rm0","2020-04-14T15:21:42.000Z","UCbNvfx3rYYxEopnRGxfu53Q","Pass The Pepper: Social Distancing is Nothing to Sneeze At","Joseph's Machines","24","en","PT5M13S","hd","false","True","False","1606167","63706","1280","0","6463"
"CA_163","huTUOek4LgU","2020-04-12T17:37:35.000Z","UCb4JB8-ZAeceuR7EPCPOPzg","Andrea Bocelli: Music For Hope - Live From Duomo di Milano","Andrea Bocelli","10",NULL,"PT24M57S","hd","false","True","False","38213635","917037","20835","0","25032"
"CA_164","mGkOvbd3jHI","2020-04-13T18:30:10.000Z","UCqf2gzmKtH3PaAbt-qgFFsw","Ed's Pig Farm Struggles | 90 Day Fianc√©: Before The 90 Days","TLC","24","en","PT3M1S","hd","false","True","False","3050165","27294","1829","0","11439"
"CA_165","zffCHTKetyM","2020-04-14T18:08:36.000Z","UClOf1XXinvZsy4wKPAkro2A","[NOW PLAYABLE] Echo | Overwatch","PlayOverwatch","20","en","PT55S","hd","false","True","False","601809","32345","1096","0","3245"
"CA_166","Nl2qBUJVNeM","2020-04-13T22:17:07.000Z","UC3EFKdXAU99j3ppGgvTz7XQ","My Boyfriend does my Makeup","Bretman Rock","22",NULL,"PT18M40S","hd","false","True","False","4083448","251830","7250","0","16144"
"CA_167","NTf38G_HwRY","2020-04-14T21:26:30.000Z","UCB0d0JLn1WcGYcwwZ87d2LA","Swapping Outfits With Chantel Jeffries!","Rclbeauty101","23","en","PT15M17S","hd","false","True","False","1562259","43030","1005","0","1766"
"CA_168","EJWF0E6a8CM","2020-04-14T17:00:04.000Z","UCa90xqK2odw1KV5wHU9WRhg","Pam Hits Michael  - The Office US","The Office","24","en-US","PT5M4S","hd","false","True","False","1159338","26987","283","0","1669"
"CA_169","LVRsYnTXP-Q","2020-04-14T16:00:09.000Z","UCZGYJFUizSax-yElQaFDp5Q","Star Wars: The Clone Wars | Final TV Spot | Disney+","Star Wars","24","en-US","PT1M1S","hd","false","True","False","819684","37027","425","0","4547"
"CA_170","PvgCEifW7Jo","2020-04-14T14:00:12.000Z","UCJHA_jMfCvEnv-3kRjTCQXw","Binging with Babish: Ben Wyatt's Calzones from Parks & Rec","Binging with Babish","24","en","PT10M2S","hd","false","True","False","2106907","76650","726","0","4696"
"CA_171","CRBJ4JSVYpo","2020-04-14T13:40:06.000Z","UCexNn7c7IhTrXd943DK3N0g","Face Mask Sewing Tutorial | How to make Face Mask with Filter Pocket | DIY Cloth Face Mask","Crafty Daily","26","en","PT6M22S","hd","false","True","False","2724040","26937","1320","0","349"
"CA_172","FGlhWPwrkDg","2020-04-15T17:00:06.000Z","UC2t5bjwHdUX4vM2g8TRDq5g","Tales of Runeterra: Noxus | ‚ÄúAfter Victory‚Äù","League of Legends","20","en","PT3M16S","hd","false","True","False","2949010","145231","1572","0","11197"
"CA_173","__LVxw-BKyI","2020-04-13T23:00:07.000Z","UCdM8C3ufiI-i-I1XSugKVvg","PART TWO: Jeannie Opens Up About Her Engagement to Jeezy","The Real Daytime","24","en","PT5M2S","hd","false","True","False","618338","15523","397","0","4819"
"CA_174","Eg08rJGKjtA","2020-04-13T03:36:39.000Z","UCOe_y6KKvS3PdIfb9q9pGug","Baseball is Back: Some Good News with John Krasinski Ep. 3","SomeGoodNews","22","en","PT18M6S","hd","false","True","False","5108249","225860","2390","0","14597"
"CA_175","LOWVrkL_DEE","2020-04-14T15:57:37.000Z","UC7zygr3uEiMSkxv-6nbFUGQ","OnePlus 8 Series Launch Event","OnePlus","28",NULL,"PT56M51S","hd","false","False","False","1068070","32121","3284","0","1655"
"CA_176","pvubuzYAWBM","2020-04-14T23:22:14.000Z","UCVGVbOl6F5rGF4wSYS6Y5yQ","8 Crops You Can Direct Sow and Grow In April","MIgardener","27",NULL,"PT14M38S","hd","false","True","False","218452","13225","349","0","2498"
"CA_177","5oEcxMfwJnw","2020-04-13T13:00:09.000Z","UCp0hYYBW6IMayGgR-WeoCvQ","Bill Gates on Finding a Vaccine for COVID-19, the Economy, and Returning to ‚ÄòNormal Life‚Äô","TheEllenShow","24","en","PT18M29S","hd","true","True","False","1017811","17436","24364","0",NULL
"CA_178","7Cmu1CDRML8","2020-04-15T16:00:11.000Z","UCQQQO7Kdo0cu9iEb19qOoYA","Cleveland Browns reveal new uniforms","Cleveland Browns","17","en","PT1M52S","hd","false","True","False","350051","5178","879","0","2071"
"CA_179","hCyb9jVqgSk","2020-04-14T15:59:56.000Z","UC8oimTPVHKiC7oL3QgdKbgg","Kylie Jenner Summons Kris With¬†Tiny¬†Bell | KUWTK | E!","Keeping Up With The Kardashians","24","en","PT2M38S","hd","false","True","False","2799043","58975","1460","0","3335"
"CA_180","5FEHKH6cxko","2020-04-14T10:00:04.000Z","UCXGR70CkW_pXb8n52LzCCRw","Brad Leone and Josh Make Doritos Cured Salmon | Mythical Kitchen","Mythical Kitchen","24","en","PT13M18S","hd","true","True","False","732972","27723","589","0","2777"
"CA_181","LVdynVuJsBo","2020-04-14T15:01:06.000Z","UCsooa4yRKGN_zEE8iknghZA","The bug that poops candy - George Zaidan","TED-Ed","27","en","PT4M47S","hd","true","True","False","951121","42884","646","0","2635"
"CA_182","cSLrbYsqZ4o","2020-04-15T11:51:36.000Z","UCO0akufu9MOzyz3nvGIXAAw","Toilet paper hoarder's request for a refund spurned by supermarket","Sky News Australia","25","en-US","PT1M51S","sd","false","True","False","2151425","30082","1074","0","6819"
"CA_183","d-nCtbN8uAs","2020-04-15T04:00:09.000Z","UClVrJwcIy7saPcGc1nct80A","A Day To Remember: Mindreader [OFFICIAL VIDEO]","Fueled By Ramen","10","en","PT2M52S","hd","false","True","False","450560","24198","724","0","1737"
"CA_184","wFnsJzdfzGE","2020-04-15T02:29:57.000Z","UCOYSYNsxTfGTGbMu2c-kpfg","Guess That NBA Player!! (2HYPE Edition)","Mopi","24",NULL,"PT10M58S","hd","false","True","False","335720","17301","233","0","931"
"CA_185","lRuqDruOh24","2020-04-15T14:00:20.000Z","UCbOCbp5gXL8jigIBZLqMPrw","Harry Styles - Electric Ballroom (London - Dec 19, 2019)","HarryStylesVEVO","10",NULL,"PT3M47S","hd","false","True","False","554688","116937","199","0","6225"
"CA_186","EvvLxC1rvrQ","2020-04-13T16:20:11.000Z","UCfCKvREB11-fxyotS1ONgww","Sink Argentina's Carrier 1982 - The Secret British Falklands War Mission","Mark Felton Productions","27",NULL,"PT15M18S","hd","false","False","False","1580788","28155","773","0","4249"
"CA_187","rI_SfyzvTSQ","2020-04-13T23:00:26.000Z","UCdM8C3ufiI-i-I1XSugKVvg","PART ONE: Jeannie Opens Up About Her Engagement to Jeezy","The Real Daytime","24","en","PT4M58S","hd","false","True","False","998425","21846","470","0","4493"
"CA_188","c6uE9oNIFn0","2020-04-13T21:53:05.000Z","UCUGsSyqXDvGTGOcbnOGz3BQ","We broke up...","Cyrus and Christina","22",NULL,"PT10M2S","hd","false","True","False","1455760","67502","16914","0","46399"
"CA_189","kvnKIE3OmLY","2020-04-14T12:00:32.000Z","UCY6Ij8zOds0WJEeqCLOnqOQ","iCarly was a weird show...","Alex Meyers","24","en","PT10M37S","hd","false","True","False","1174414","84519","1252","0","7127"
"CA_190","HBMmK1c44sE","2020-04-11T20:00:00.000Z","UCX6OQ3DkcsbYNE6H8uQQuVA","I Spent 24 Hours In A Doomsday Bunker","MrBeast","24","en","PT11M59S","hd","false","True","False","20859662","814967","14929","0","50872"
"CA_191","aZnpl3hWfVM","2020-04-14T14:00:04.000Z","UC_h2l2T4FrJzfdMF6RbOrcQ","XCOM: Chimera Squad - Game Reveal Trailer","XCOM","20","en","PT2M14S","hd","true","False","False","208376","5807","764","0","1221"
"CA_192","Ct9LWyQbyXA","2020-04-14T15:00:13.000Z","UCaO6TYtlC8U5ttz62hTrZgg","GOT7 ""NOT BY THE MOON"" M/V TEASER","jypentertainment","10","ko","PT1M1S","hd","false","True","False","1819059","324905","1497","0","20617"
"CA_193","ymLqi1kOCew","2020-04-13T19:00:10.000Z","UC0biFgrMdkv1hFAFLVePODQ","Reacting To My Makeup Tutorial from 2009","Trixie Mattel","26","en","PT11M29S","hd","false","True","False","623824","43942","969","0","3439"
"CA_194","oBGl3ck9daE","2020-04-14T16:02:02.000Z","UC71wXCoTvVy63AW2s0jdwvw","La nourriture de mon enfance 15 ans plus tard","Gurky","24","fr","PT16M4S","hd","false","True","False","422851","24092","287","0","1743"
"CA_195","DG-0EQstJkQ","2020-04-15T15:00:06.000Z","UCaO6TYtlC8U5ttz62hTrZgg","GOT7 ""NOT BY THE MOON"" M/V TEASER 2","jypentertainment","10","ko","PT24S","hd","false","True","False","2090458","296944","1932","0","22938"
"CA_196","tYZdX7kF4fM","2020-04-14T16:30:14.000Z","UCQ9HvHH-KRYHI5ynj2kbLwQ","Choosing YouTube Over Being a Doctor","TheAMaazing","1","en-GB","PT11M31S","hd","false","True","False","299249","45440","180","0","6045"
"CA_197","cUb6LlcPqhE","2020-04-13T16:00:17.000Z","UCpmBpSoy6YQjcshNK6pSyIA","French Montana - Salam Alaykum (Official Music Video)","FrenchMontanaVEVO","10",NULL,"PT4M22S","hd","false","True","False","1264527","61923","2589","0","3941"
"CA_198","K1Kh-BW1IIk","2020-04-13T22:30:00.000Z","UCV6KDgJskWaEckne5aPA0aQ","Tenants Stopped Paying Rent - My Response","Graham Stephan","27","en","PT11M9S","hd","false","True","False","807435","38274","1840","0","3798"
"CA_199","_dOCtaBObg4","2020-04-13T21:11:20.000Z","UCtMVHI3AJD4Qk4hcbZnI9ZQ","Why You Shouldn't Install VALORANT...","SomeOrdinaryGamers","20","en","PT12M6S","hd","false","True","False","1299785","87216","5964","0","10764"
"CA_200","WqzTRK5GPWQ","2020-04-13T09:00:01.000Z","UCmW1Pq56lA-k-GWpX1z8WPg","Apink ÏóêÏù¥ÌïëÌÅ¨ Îç§ÎçîÎüº(Dumhdurum) Music Video Official","Apink (ÏóêÏù¥ÌïëÌÅ¨)","24","en","PT3M41S","hd","true","False","False","9605531","349356","3619","0","37975"
