"_id","id","publishedAt","channelId","title","channelTitle","categoryId","duration","definition","caption","licensedContent","madeForKids","viewCount","likeCount","dislikeCount","favoriteCount","commentCount","defaultAudioLanguage"
"UK_1","Na1rzigYlSU","2020-04-20T08:40:00.000Z","UCAxW1XT0iEJo0TYlRfn6rYQ","PE With Joe | Monday 20th April","The Body Coach TV","17","PT32M42S","hd","false","True","False","773632","43195","508","0","678",NULL
"UK_2","9wTAULd7_4w","2020-04-19T16:08:52.000Z","UCo8bcnLyZH8tBIH9V1mLgqQ","Getting Lost at Camp Geronimo","TheOdd1sOut","23","PT8M10S","hd","false","True","False","5132919","398112","3570","0","45109","en"
"UK_3","87-ZFjLfBAQ","2020-04-19T03:06:41.000Z","UCg3_C7BwcV0kBlJbBFHTPJQ","One World: Together At Home Special to Celebrate COVID-19 Workers","Global Citizen","29","PT8H5M15S","hd","false","True","False","23134573","353752","23177","0","0","en"
"UK_4","HWevWsc8nBA","2020-04-19T16:57:55.000Z","UCkD-ZOixI0a9FjIExDsHsbg","Newcastle Become Premier League‚Äôs Richest Club","The Kick Off","17","PT13M52S","hd","false","True","False","292664","16509","437","0","3433",NULL
"UK_5","F8sU45ax2Hs","2020-04-19T16:00:08.000Z","UCcOkA2Xmk1valTOWSyKyp4g","Farewell, Sarah Jane | Doctor Who","Doctor Who","24","PT13M33S","hd","false","True","False","193793","14430","101","0","1752","en-GB"
"UK_6","lqaJrwnZMpo","2020-04-18T19:31:16.000Z","UCUtZaxDF3hD5VK4xRYFBePQ","GOLDEN BUZZER: Dreams come true for Ant and Dec‚Äôs Greatest Showman Jon Courtenay | BGT 2020","Britain's Got Talent","24","PT7M9S","hd","false","True","False","1149102","22971","718","0",NULL,"en-GB"
"UK_7","zfqhDtDQPeE","2020-04-19T21:12:27.000Z","UCZtDUmC3W7j25XHZWFT_XgQ","Little Mix - Touch (One World: Together At Home)","BBC Music","10","PT3M50S","hd","false","True","False","143474","20960","117","0","1099","en-GB"
"UK_8","9sUzVsqn8Xg","2020-04-20T03:35:05.000Z","UCVKAcQQCO8vv87Gk62SutAg","At least 17 dead in worst mass shooting in Canada","CityNews Toronto","25","PT3M2S","hd","false","False","False","451344","4203","333","0","3035","en-US"
"UK_9","PvevoJDcv8E","2020-04-19T09:00:11.000Z","UCMrsA8lOl3F4j3DHNfDAkVA","Where I've been? Feeling down, GRWM & Two dumb blondes take on banana bread!","SaffronBarkerVlogs","24","PT21M5S","hd","false","True","False","140012","7019","159","0","790",NULL
"UK_10","dVdGk-N8doE","2020-04-18T17:25:47.000Z","UCqsUQhA6UIwSams54bEnCJw","Morgz Mum - MORGZ SUCKS (Diss Track) Official Music Video","Morgz Mum","24","PT2M16S","hd","false","True","False","1058807","36600","52148","0","37497",NULL
"UK_11","wMlFBxoJ1lo","2020-04-20T01:45:51.000Z","UCfLTxnQboSLcoSakgONmukQ","Henrique e Juliano -  LIVE Liberdade Provis√≥ria","Henrique e Juliano","10","PT3H52M31S","hd","false","True","False","19511763","777934","10446","0","2044",NULL
"UK_12","R241RjFVjXM","2020-04-18T17:25:11.000Z","UCBwSufNse8VMBvQM_rCSvgQ","Morgz - DEAR MOM (Diss Track) Official Music Video","Morgz","24","PT2M58S","hd","false","True","False","1568032","75164","57745","0","41501","en"
"UK_13","VmUdQGdh4hs","2020-04-19T18:09:55.000Z","UCKI_nC8ZYng9JmLcRbu1V_w","MCR ""Donk Scene Saviour"" Official Lyrics & Meaning | Verified","Stephen Tries Less","23","PT8M13S","hd","false","True","False","72766","9096","37","0","240",NULL
"UK_14","rGuDgNP3c8c","2020-04-19T16:00:18.000Z","UCQC2re4ieW_x_cHs2--uJTg","NEVER HAVE I EVER *HOT TUB EDITION* ft. Josh Richards, Jaden Hossler, Quinton Griggs, Bryce Hall","Griffin Johnson","24","PT8M20S","hd","false","True","False","314891","38050","183","0","1219","en"
"UK_15","4oL1IlbjS_8","2020-04-18T20:01:17.000Z","UCUtZaxDF3hD5VK4xRYFBePQ","Voice of an angel! INSPIRING nurse Beth Porch performs her song 'You Taught Me What Love Is'","Britain's Got Talent","24","PT6M45S","hd","false","True","False","460288","11393","248","0",NULL,"en-GB"
"UK_16","f70LsCXpQ94","2020-04-19T18:41:32.000Z","UCB_qr75-ydFVKSF9Dmo6izg","F1 Esports Chinese Virtual Grand Prix! Full Race","FORMULA 1","17","PT1H24M18S","hd","false","True","False","723772","13794","622","0","556","en"
"UK_17","q0uqCp7xVtg","2020-04-18T21:06:23.000Z","UCLcSqjJWHJeDWD_SbdorBRw","Virtual Pub Quiz, Live! Celeb and Key Worker Charity Special #withme #stayhome #JaysVirtualPubQuiz","Virtual Pub Quiz","24","PT1H43M14S","hd","false","True","False","172767","1108","64","0","11",NULL
"UK_18","833xtclI_qU","2020-04-19T18:38:36.000Z","UCUKi4zY5ETSqrKAjTBgjM-g","Confessions of Fast Food Employees","sWooZie","1","PT7M56S","hd","false","True","False","596747","56747","456","0","3347","en"
"UK_19","qtgiS6zBm2g","2020-04-20T00:19:52.000Z","UC8Su5vZCXWRag13H53zWVwA","Members of the Coronavirus Task Force Hold a Press Briefing | TIME","TIME","25","PT1H29M39S","hd","false","True","False","634637","3108","2035","0","806",NULL
"UK_20","Lpop7PTi5sA","2020-04-20T02:00:02.000Z","UCVTQuK2CaWaTgSsoNkn5AiQ","Westworld: Season 3 Episode 7 Promo | HBO","HBO","24","PT1M11S","hd","true","False","False","68372","1815","25","0","565","en"
"UK_21","fQallQyxAfw","2020-04-19T16:00:31.000Z","UCIEv3lZ_tNXHzL3ox-_uUGQ","Can Gordon Ramsay Cook a Burger in 10 Minutes for a Front-Line Workers Charity? | Ramsay In 10","Gordon Ramsay","24","PT13M54S","hd","false","True","False","1083860","34763","772","0","3819","en-GB"
"UK_22","uTha_t4goXg","2020-04-19T14:35:07.000Z","UCIIPl-DSCC0prKxGGnJrdGQ","update","Austin John Plays","20","PT1M30S","hd","false","True","False","523327","60760","589","0","13715","en"
"UK_23","SYJCYr1I-Sk","2020-04-19T03:09:22.000Z","UCg3_C7BwcV0kBlJbBFHTPJQ","Celine Dion, Andrea Bocelli, Lady Gaga, Lang Lang, John Legend perform ""The Prayer"" | OW:TAH","Global Citizen","29","PT3M9S","hd","false","True","False","4948581","127732","4113","0","0","en"
"UK_24","v4Dtvf56xRI","2020-04-19T14:00:19.000Z","UCOpP5PqrzODWpFU961acUbg","Building up a new hardtail mountain bike... again!","Berm Peak Express","17","PT15M40S","hd","false","True","False","456390","28969","184","0","1708","en-US"
"UK_25","zTZTL7pKCTA","2020-04-19T18:33:31.000Z","UChbKYCOnUtou3RPtFXeT73w","THE OFFICIAL JOHNSON FAM LABOR and DELIVERY!","the johnson fam","22","PT10M30S","hd","false","True","False","286014","22678","247","0",NULL,"en"
"UK_26","FXqoPVC72xs","2020-04-19T09:02:34.000Z","UCMiJRAwDNSNzuYeN2uWa0pA","I bought the cheapest smartphones ever.","Mrwhosetheboss","28","PT20M40S","hd","false","True","False","942613","54877","1713","0","5101","en-GB"
"UK_27","__2ees5mxI4","2020-04-19T17:17:03.000Z","UCZq2SKai_oKTh-pmhrXB9xQ","Roadtrip: Before the Show (TRAILER)","RoadTrip TV","10","PT1M13S","hd","false","True","False","23663","5208","14","0","904",NULL
"UK_28","-L8hLkg21MQ","2020-04-19T13:00:59.000Z","UCjNx6OQZDvth-hXX6SLkOvg","SIMI - Duduke (Official Video)","SimiVEVO","10","PT2M58S","hd","false","True","False","293386","23911","129","0","1994",NULL
"UK_29","BtYKDamqo2I","2020-04-18T15:47:08.000Z","UCUK0HBIBWgM2c4vsPhkYY4w","Breaking Youtube with Slow Mo Glitter - The Slow Mo Guys","The Slow Mo Guys","24","PT14M33S","hd","false","True","False","2675303","117471","2166","0","9895","en-GB"
"UK_30","llBIml4lqS0","2020-04-18T18:00:11.000Z","UC-hWvVvE-crFl5vg5G8QbqA","1548 Days: Return of The Gypsy King full documentary","BT Sport Boxing","17","PT35M6S","hd","false","True","False","179912","4856","89","0","570","en-GB"
"UK_31","Rxs5doPlsNk","2020-04-18T11:27:52.000Z","UClXGJtulD3L2TOUU99QGsZA","CULITA x JADOR x SUSANU - Am renuntat la ea [oficial video] 2020","Culita Sterp ‚Ä¢ Oficial","24","PT3M33S","hd","false","True","False","1822838","111355","2997","0","4716",NULL
"UK_32","URzpxYCjNfI","2020-04-18T15:35:45.000Z","UCWljxewHlJE3M7U_6_zFNyA","creep in the club | Niki & Gabi Take Bahamas EP 1","AwesomenessTV","24","PT20M6S","hd","false","True","False","552484","28044","555","0","2577","en"
"UK_33","7Miz23sriac","2020-04-20T00:08:39.000Z","UCa61SNyOCMWaL2PPEM-Qz6w","Roberto Carlos Ao Vivo no YouTube  #FiqueEmCasa e Cante #Comigo","Roberto Carlos","10","PT1H30M16S","hd","false","True","False","8373106","373199","10764","0","4262",NULL
"UK_34","rAxdO1j6oQI","2020-04-19T00:36:21.000Z","UCEa-JnNdYCIFn3HMhjGEWpQ","John Legend - Bigger Love [One World: #TogetherAtHome]","John Legend","10","PT2M52S","hd","false","False","False","178945","4076","67","0","189",NULL
"UK_35","BBWR0I9LbOQ","2020-04-17T20:00:11.000Z","UCKSxNv7X_ewMbXgs134rCJA","Charles Ingram Fraud Scandal | REAL FOOTAGE | Who Wants To Be A Millionaire?","Who Wants To Be A Millionaire?","24","PT46M24S","hd","false","True","False","592260","6739","414","0","3560","en-GB"
"UK_36","lDJUibtIYhk","2020-04-19T09:00:31.000Z","UC9LQwHZoucFT94I2h6JOcjw","Klopp checks in with Salah & Lovren | Reds‚Äô online training session on Origi‚Äôs birthday","Liverpool FC","17","PT3M18S","hd","false","True","False","273478","10150","92","0","561","en-GB"
"UK_37","UxvBa2lUtMM","2020-04-18T01:50:01.000Z","UChLtXXpo4Ge1ReTEboVvTDg","Coronavirus outbreak: China ""must have the most"" COVID-19 deaths, Trump says","Global News","25","PT4M33S","hd","false","True","False","468381","3642","591","0","2873","en-CA"
"UK_38","lPHSr2keNBY","2020-04-19T15:07:10.000Z","UCDRmGMSgrtZkOsh_NQl4_xw","Vince Carter's 10-year beef with Toronto included Nelly, a possible body slam, and so many injuries","SB Nation","17","PT30M16S","hd","true","True","False","309468","12877","157","0","1359","en"
"UK_39","FfZil5wkZ1M","2020-04-18T16:30:00.000Z","UCvUmwreRrbxeR1mbmojj8fg","Help! Oh Well... (Take 2: Official Music Video)","SomeThingElseYT","23","PT4M2S","hd","false","True","False","1652457","164248","1733","0","20797","en-US"
"UK_40","0MWNW_a35oY","2020-04-10T17:00:16.000Z","UCacXhWzEaFnUXqQMHJAFaBw","We are the World (2020) | Together At Home Edition by Channel Aid, KHS & YouTube Artists","ChannelAid","10","PT5M2S","hd","false","True","False","1698032","43860","1428","0","1942","de"
"UK_41","enU6nyyNR4I","2020-04-18T16:00:30.000Z","UCSpFnDQr88xCZ80N-X7t0nQ","VFX Artists React to Bad & Great CGi 23","Corridor Crew","24","PT14M18S","hd","false","True","False","1449948","75911","924","0","9751","en"
"UK_42","f0gKQhOeWFY","2020-04-19T10:00:30.000Z","UCSnwORddxZG1SyB8lSxWQGg","Isolating In The Deep Blue With My Best Mate Hunting Fish For Food SHARKS & MAHI (Part 1) - Ep 192","YBS Youngbloods","17","PT15M21S","hd","false","True","False","298044","13346","205","0","1477",NULL
"UK_43","3hYSnyVLmGE","2020-04-18T15:00:05.000Z","UCR1IuLEqb6UEA_zQ81kwXfg","The Insane Engineering of the SR-71 Blackbird","Real Engineering","28","PT18M55S","hd","true","True","False","822846","39109","455","0","2499","en"
"UK_44","oxp2dtzNASI","2020-04-18T23:53:13.000Z","UCMmVPVb0BwSIOWVeDwlPocQ","LIVE PUB QUIZ! AFTV vs The UNITED STAND! 24Hr Charity fundraiser | 9pm-Midnight","The United Stand","24","PT2H58M9S","hd","false","True","False","92934","3175","59","0","63",NULL
"UK_45","xMZ-LSAySUA","2020-04-18T16:58:20.000Z","UC7UGbBVrqLlq6CRxWWUmyKw","Experiments with DanPlan","DanPlan","1","PT14M35S","hd","false","True","False","369115","42101","2863","0","11895","en"
"UK_46","jOrQIQ3j4y0","2020-04-17T16:00:10.000Z","UCwtnkRZcvL4bfopzJ-Von8Q","She Said YES! - Prom Knight Episode 2 - Merrell Twins","merrelltwins","23","PT14M22S","hd","true","True","False","2028704","85306","2670","0","15898","en"
"UK_47","Uy9GJUOcGqc","2020-04-18T15:00:10.000Z","UCGLu20iKuz8ZzZ8xYv5YsXA","Capital T - FLEX (Prod by.RZon)","Capital T","24","PT3M4S","hd","false","True","False","671327","26711","1271","0","1458",NULL
"UK_48","V_m7Ik9NZWk","2020-04-17T18:42:02.000Z","UCTSRIY3GLFYIpkR2QwyeklA","This Movie Has Every Stereotype","Drew Gooden","23","PT17M53S","hd","false","True","False","1497067","114330","802","0","8462","en"
"UK_49","0DhOcQfPmg4","2020-04-18T20:23:52.000Z","UChSr5-8JrD57t_qTxVK0kZg","Broke in Amsterdam - Day 5","Hack","24","PT9M1S","hd","false","True","False","38026","2379","127","0","728","en-GB"
"UK_50","kXqE9UI7MUo","2020-04-18T17:55:57.000Z","UCMmVPVb0BwSIOWVeDwlPocQ","200 Million Transfer Challenge! Goldbridge vs DT! United Stand 24Hr Charity Fundraiser | 3pm-6pm","The United Stand","24","PT2H59M20S","hd","false","True","False","108835","3741","76","0","56",NULL
"UK_51","CO5OxOi4Q5M","2020-04-18T21:41:26.000Z","UCrA2bqOHwjX1DxgP9CaVJzw","Ants during the pandemic","Lenarr Young","23","PT6M17S","hd","false","True","False","539807","56240","487","0","2605",NULL
"UK_52","P1EalbUQfiU","2020-04-18T08:02:17.000Z","UCUhFaUpnq31m6TNX2VKVSVA","BMW M8 vs Nissan GT-R vs Ferrari V12 - DRAG RACE!","carwow","2","PT10M24S","hd","false","True","False","2112757","67510","2122","0","7131","en"
"UK_53","83xBPCw5hh4","2020-04-17T04:00:08.000Z","UC2CCXzC56k0b8L49R_iW-Yw","DaBaby ‚Äì ROCKSTAR FT RODDY RICCH [Audio]","DaBaby","10","PT3M2S","sd","false","False","False","3956567","176602","2460","0","7978","en"
"UK_54","GnDcD7rtaV4","2020-04-18T14:38:43.000Z","UCXgxNzAgZ1GExhTW4X1mUrg","ESSENTIAL WORKERS ANTHEM","Marc Rebillet","24","PT3M21S","sd","false","True","False","295560","23884","174","0","1118",NULL
"UK_55","p2psjz9MBpw","2020-04-17T19:01:02.000Z","UCsTcErHg8oDvUnTzoqsYeNw","Dear Apple","Unbox Therapy","28","PT18M54S","hd","false","True","False","2217167","109428","11484","0","9556","en"
"UK_56","PGlHkSHC_qw","2020-04-17T13:58:06.000Z","UCtpzjafUx5qbmxJdqm4-qmg","iann dior - Sick and Tired ft. Machine Gun Kelly & Travis Barker (Official Music Video)","iann dior","10","PT2M48S","hd","false","False","False","1704565","116131","2304","0","6632",NULL
"UK_57","qCVLRh1y96M","2020-04-18T17:00:20.000Z","UC2t5bjwHdUX4vM2g8TRDq5g","Tales of Runeterra: Piltover and Zaun | ‚ÄúTrue Genius‚Äù","League of Legends","20","PT3M7S","hd","true","True","False","1963957","110379","1611","0","6056","en"
"UK_58","2f6uQmRQdRc","2020-04-16T18:00:25.000Z","UCMlHf6251NKQM-qkS2pgYQg","Meekz - Sweeping Up üßπ | @MixtapeMadness","Mixtape Madness","10","PT2M55S","hd","false","False","False","374638","12971","177","0","493",NULL
"UK_59","hokGXqEsCXk","2020-04-17T16:00:18.000Z","UCY2qt3dw2TQJxvBrDiYGHdQ","Pink Floyd - PULSE (Restored & Re-Edited 90 Minute Version)","Pink Floyd","10","PT1H27M31S","hd","false","True","False","1860017","73791","904","0","4424",NULL
"UK_60","jekdrisq6LE","2020-04-17T18:30:05.000Z","UC9BaJIXnYSyYalbCVfZTZ4A","KSI NEEDS A BETTER TRAINER","VIDDAL","24","PT13M32S","hd","false","True","False","392290","20954","285","0","1433","en-GB"
"UK_61","4Tt5gw3TqKs","2020-04-16T21:00:03.000Z","UCLcSqjJWHJeDWD_SbdorBRw","Virtual Pub Quiz, Live! Week 4 #withme #stayhome","Virtual Pub Quiz","24","PT1H29M19S","hd","false","True","False","454102","3550","167","0","70",NULL
"UK_62","eUEYcQTR5sk","2020-04-18T09:00:13.000Z","UCG5qGWdu8nIRZqJ_GgDwQ-w","Fast As Lightning Counter-attacks | Premier League | Salah, Aguero, Martial","Premier League","17","PT13M36S","hd","false","False","False","755638","12057","327","0","1016",NULL
"UK_63","8yAFmiFa6eI","2020-04-17T01:00:05.000Z","UC_IpSl6O_-IRAA6fiNs05Gg","Ariana Grande Performs 'I Won't Say I'm In Love' - The Disney Family Singalong","ABC","24","PT2M18S","hd","true","True","False","2455933","102017","2466","0","6599",NULL
"UK_64","glD1M418bC0","2020-04-16T23:00:11.000Z","UC3Pa0DVzVkqEN_CwsNMapqg","Sam Smith, Demi Lovato - I‚Äôm Ready","SamSmithVEVO","10","PT3M27S","hd","true","True","False","12837543","545617","26889","0","25069",NULL
"UK_65","nMDOSLEVdBw","2020-04-16T16:00:33.000Z","UC652oRUvX1onwrrZ8ADJRPw","Playboi Carti - @ MEH [Official Video]","Playboi Carti","10","PT2M48S","hd","false","False","False","8299959","383130","38635","0","66104",NULL
"UK_66","pAuTR2vrI3g","2020-04-17T14:00:22.000Z","UCA6aJAT9rH8vRwWGiGr2iqQ","TOP 10 HARD LANDINGS - AIRBUS A380, BOEING 747, ANTONOV AN124 ... (HD)","Cargospotter","2","PT8M13S","hd","false","True","False","776864","3693","318","0","341","en-US"
"UK_67","NyDyllvEFfs","2020-04-16T18:15:02.000Z","UCv1b9jffj3tEpdSc020-sGA","McFly - All About You (NHS Charity Video)","Official McFly","10","PT3M19S","hd","false","True","False","698850","31846","198","0","1013",NULL
"UK_68","-Wu5zNLLyLs","2020-04-17T17:00:34.000Z","UCjQFLkJG0737sMibjcdKrsw","WILL THOR PULL THE 501? | Q&A WITH EDDIE HALL","SHAWSTRENGTH","24","PT25M55S","hd","false","True","False","404602","16781","444","0","2511","en"
"UK_69","x93MUE0QKoM","2020-04-17T11:33:06.000Z","UCpryVRk_VDudG8SHXgWcG0w","Auba x Laca x Ian Wright | Goals, debuts, Black Panther & loads of laughs! | Strikers' Union part 1","Arsenal","17","PT13M20S","hd","true","True","False","192237","8815","58","0","500","en-GB"
"UK_70","M-nOYusN_gU","2020-04-18T19:15:02.000Z","UC6IijBsVf2PlWo_uq6P9wQw","I tried Tik Tok E-Girl Hair with Household Products","Gloom","24","PT11M56S","hd","false","True","False","584292","29220","340","0","3198","en"
"UK_71","CUKYM7leFFQ","2020-04-17T14:00:31.000Z","UClG8odDC8TS6Zpqk9CGVQiQ","X-Force Joins Deadpool in Fortnite! | Fortnite","Fortnite","20","PT43S","hd","false","True","False","1652931","71682","4437","0","6763","en"
"UK_72","O6yKmy5sydo","2020-04-17T04:00:18.000Z","UC6G2vAJrt407lwiynW116Eg","The Kid LAROI & Lil Tjay - Fade Away (Lyric Video)","The Kid LAROI.","10","PT3M","hd","false","False","False","932029","64229","656","0","4939",NULL
"UK_73","QwNvC8sFTEU","2020-04-16T18:00:11.000Z","UCUDq1XzCY0NIOYVJvEMQjqw","Official Treasure Island | Free National Theatre Live Full Performance","National Theatre","24","PT1H46M23S","hd","true","True","False","529908","4731","139","0","473","en-GB"
"UK_74","E9avjD9ugXc","2020-04-17T23:14:38.000Z","UCy0tKL1T7wFoYcxCe0xjN6Q","Coffee Percolators: An Explanation and Roast","Technology Connections","28","PT24M58S","hd","true","True","False","390280","22893","703","0","6800","en"
"UK_75","0ggg_iCrE6I","2020-04-17T07:45:00.000Z","UCUg8KhMXhFxJm-YQzOQ7nPw","James Blunt - The Greatest [Official Video]","James Blunt","10","PT3M12S","hd","false","True","False","567073","30168","251","0","1272","en-GB"
"UK_76","4rx5K01uGaM","2020-04-17T23:09:34.000Z","UCyBggvUMg-gM1XCSKT1wbQQ","Glitterbox Virtual Festival - #StayHome #WithMe","Glitterbox","10","PT8H29M20S","hd","false","True","False","87014","1882","24","0","29",NULL
"UK_77","ZaLxSJM_wIU","2020-04-19T02:17:25.000Z","UCBTy8j2cPy6zw68godcE7MQ","Football Fans For The NHS | The Invincible Zone","AFTV","27","PT3H1M6S","hd","false","True","False","60078","1741","38","0","79",NULL
"UK_78","T3JmTBHlVmg","2020-04-18T05:30:22.000Z","UC66Uan5Ezzs0pWbFI3wF-Tw","Biffy Clyro - Simon Neil Live #stayHome and jam #withMe","Biffy Clyro","10","PT26M59S","hd","false","True","False","45735","1967","5","0","121",NULL
"UK_79","XmgpViThX-E","2020-04-18T14:19:31.000Z","UCBTy8j2cPy6zw68godcE7MQ","AFTV Football Fans For The NHS - 24 Hour Charity Fundraiser | 12pm to 3pm","AFTV","27","PT3H6S","hd","false","True","False","81028","2460","58","0","49",NULL
"UK_80","ZUXwDpGylpw","2020-04-17T05:26:45.000Z","UCj34AOIMl_k1fF7hcBkD_dw","EXCLUSIVE iPhone 12 Pro Max Design Leaks! It's HUGE","EverythingApplePro","28","PT12M18S","hd","false","True","False","2816140","63797","2944","0","23562","en"
"UK_81","IJZZ6dPPawM","2020-04-17T05:00:10.000Z","UCZSaQhZP1q2LwzIh5XLwMew","Kelly Rowland - COFFEE (Official Video)","Kelly Rowland","10","PT2M26S","hd","false","True","False","1607134","147441","2562","0","11750","en"
"UK_82","XmTQqBKpG9I","2020-04-17T19:00:34.000Z","UCfBpv6ahDMg7kEClQuMpzzw","Dandelion - Gabbie Hanna (Official Video)","Gabbie Hanna","26","PT2M57S","hd","false","True","False","406059","52130","2098","0","8984","en"
"UK_83","Hn8wnff9Ra0","2020-04-16T09:00:32.000Z","UCCTR5nIFvWBW9MeGEGPNG4g","Betty Blue & Florin Salam - Taticul meu, fetita mea (Videoclip Oficial)","Cat Music","10","PT4M7S","hd","false","True","False","2355841","91752","1993","0","2523","ro"
"UK_84","AWV3pIesd0Y","2020-04-17T16:00:09.000Z","UCqHnXpWR6PGgkIGrPp_aLxg","Monsta X - YOU CAN'T HOLD MY HEART (Official Music Video)","MONSTAXVEVO","10","PT3M2S","hd","false","True","False","1214453","267793","1740","0","18416",NULL
"UK_85","qdezMOsTQn0","2020-04-17T15:00:26.000Z","UCyrQSvn6_25rINepVZ6H0qQ","Top 5 | Expensive Road Bike Upgrades You Don't Need","BikeRadar","17","PT5M24S","hd","false","True","False","167692","3163","87","0","378","en-GB"
"UK_86","LPBfT1nxkYk","2020-04-17T21:36:32.000Z","UCKuHFYu3smtrl2AwwMOXOlg","I did a quarantine concert with DJ Jazzy Jeff!","Will Smith","24","PT8M43S","hd","false","True","False","557267","41618","355","0","3338","en"
"UK_87","SFmnEhHNswU","2020-04-17T04:01:56.000Z","UCOlxqtcKc-HBEQJgDsylyhA","Lil Tecca - Out Of Love (Official Audio)","Lil Tecca","10","PT2M34S","hd","false","False","False","696853","65712","571","0","6251",NULL
"UK_88","4hdR8Mlib3M","2020-04-17T08:41:12.000Z","UCAxW1XT0iEJo0TYlRfn6rYQ","PE With Joe | Friday 17th April","The Body Coach TV","17","PT31M12S","hd","false","True","False","997214","37746","525","0","1088",NULL
"UK_89","wNFY8lJhm0A","2020-04-17T04:00:10.000Z","UCYpVqLSvfseUqb2URAkexlw","Kygo, Zak Abel - Freedom ft. Zak Abel","KygoOfficialVEVO","10","PT3M18S","hd","false","True","False","1352972","93152","754","0","2896",NULL
"UK_90","Az-6NrV35HI","2020-04-18T02:00:04.000Z","UCJ5v_MCY6GNUBTO8-D3XoAg","Bray Wyatt surprises ‚ÄúBlack Sheep‚Äù Braun Strowman: SmackDown, April 17, 2020","WWE","17","PT2M17S","hd","true","True","False","1589662","38097","925","0","1686",NULL
"UK_91","GpZEhFYAG4U","2020-04-17T04:00:41.000Z","UCRI7hheejBbWS6etTNwMT0g","Anuel AA, Rvssian, Juice WRLD - No Me Ame (Official Video)","Anuel AA","10","PT3M4S","hd","false","False","False","8503196","330611","9141","0","16691","es"
"UK_92","-tTolsE8vls","2020-04-17T04:00:02.000Z","UCZwJNsS8DxGT8iTtOVbYUNg","Blueface - Tour (feat. Asian Doll, Glokk 9, NLE Choppa, Sada Baby & Kiddo Curry) - Official Video","blueface bleedem","10","PT4M35S","hd","false","False","False","1313783","82241","2859","0","8891",NULL
"UK_93","ANmQyLI70-g","2020-04-17T12:00:11.000Z","UCwuDqQjo53xnxWKRVfw_41w","Porsche 911 CSR: Transforming a 997 | Carfection 4K","Carfection","2","PT9M50S","hd","false","True","False","195815","6170","99","0","431","en"
"UK_94","YpimJWMn0wQ","2020-04-16T16:00:05.000Z","UCLRmIdRJgLfmdpJufmBhBuA","L.A. Galaxy Train Emma Chamberlain and Kevin Hart","LOL Network","23","PT14M58S","hd","true","True","False","4010430","153943","3147","0","5875","en"
"UK_95","KU32GOJyn6U","2020-04-16T16:00:06.000Z","UCEr55381WIqO1w_IzgcI5DQ","I CHEATED ON MY BARBER...AGAIN! | Anwar Jibawi","Anwar Jibawi","23","PT13M19S","hd","false","True","False","1519592","77400","2329","0","4833","en"
"UK_96","BCrVeJUbID4","2020-04-17T01:00:04.000Z","UCVWifhNM3tx877Z7h3ovtRA","VIVARIUM (2020) Ending Explained","FoundFlix","24","PT25M1S","hd","false","True","False","1006839","32816","598","0","2985",NULL
"UK_97","ydj4oSiEis4","2020-04-18T00:18:12.000Z","UC8Su5vZCXWRag13H53zWVwA","The Coronavirus Task Force Holds A Press Briefing From The White House | TIME","TIME","25","PT1H44M26S","hd","false","True","False","295074","1271","680","0","316",NULL
"UK_98","pgEP8teNXwY","2020-04-17T04:00:30.000Z","UCZwMj-i4JMwzkPMGqD8sZrw","Bob Dylan - I Contain Multitudes (Official Audio)","BobDylanVEVO","10","PT4M39S","hd","false","True","False","606425","14307","241","0","1917",NULL
"UK_99","bTaWEKkoysE","2020-04-16T20:00:06.000Z","UCjgpFI5dU-D1-kh9H1muoxQ","How Strong Is This Exoskeleton? (POWER LOADER: PART 9)","the Hacksmith","28","PT11M20S","hd","true","True","False","2193036","75702","1791","0","3794","en"
"UK_100","TTaepL9B0AY","2020-04-17T16:00:29.000Z","UCoo-9GEm2mpyYIXSptrKIpA","La Croix","2 Danny 2 Furious","10","PT2M10S","hd","false","True","False","481506","73597","382","0","6118","en-US"
"UK_101","jPan651rVMs","2020-04-16T04:00:10.000Z","UCZW5lIUz93q_aZIkJPAC0IQ","Joji - Gimme Love (Official Video)","88rising","24","PT3M46S","hd","false","False","False","9932450","518345","4154","0","29727","en-US"
"UK_102","OE-Y-PotqTQ","2020-04-15T20:48:19.000Z","UCsTcErHg8oDvUnTzoqsYeNw","This is the iPhone SE 2","Unbox Therapy","28","PT13M6S","hd","false","True","False","8018790","206017","36462","0","26249","en"
"UK_103","SQIbeAk-bFA","2020-04-15T15:09:24.000Z","UCE_M8A5yxnLfW0KghEeajjw","The new iPhone SE ‚Äî Apple","Apple","28","PT58S","hd","false","False","False","17196933","573425","69469","0",NULL,"en"
"UK_104","YgzhJcBnKOg","2020-04-16T16:00:10.000Z","UClesqLjeKJd-dG8xLfzJyCQ","5 Seconds of Summer - Wildflower (Official Video)","5SOSVEVO","10","PT3M49S","hd","true","True","False","1490345","210813","1142","0","14670",NULL
"UK_105","NXy5xdwJaIY","2020-04-16T21:00:10.000Z","UCq19-LqvG35A-30oyAiPiqA","Radiohead - Live in Berlin (September 2016) #StayHome #WithMe","Radiohead","10","PT2H8M49S","hd","false","True","False","454918","24622","182","0","1424",NULL
"UK_106","-t_Gz3lGwF8","2020-04-07T03:49:23.000Z","UCZn5C_sjPp9Dn4heTiN1xeA","Best Fit Face Mask Tutorial Video","Brittany Bailey","26","PT6M58S","hd","true","True","False","1577014","56264","1008","0","1364","en-US"
"UK_107","bpXwOSHTwsY","2020-04-16T14:00:09.000Z","UCb4JB8-ZAeceuR7EPCPOPzg","Andrea Bocelli: Amazing Grace ‚Äì Music For Hope (Live From Duomo di Milano)","Andrea Bocelli","10","PT4M58S","hd","false","True","False","1244846","44018","514","0","1562",NULL
"UK_108","l8kslNSKMfc","2020-04-16T13:00:22.000Z","UC1sELGmy5jp5fQUugmuYlXQ","Announcing the Minecraft with RTX for Windows 10 Beta!","Minecraft","20","PT1M7S","hd","true","False","False","1952403","99523","1760","0","16521","en"
"UK_109","RjFBaravNL4","2020-04-16T14:33:25.000Z","UCd3Llj2WWJh8ItfYl32eJ4Q","THE YUNGBLUD SHOW LIVE ep.2","YUNGBLUD","10","PT28M49S","hd","false","False","False","194863","24259","142","0","2364",NULL
"UK_110","IVx96LmffnM","2020-04-16T14:31:00.000Z","UCpSgg_ECBj25s9moCDfSTsA","Homemade Egg Fried Rice | Keep Cooking & Carry On  | Jamie Oliver","Jamie Oliver","24","PT5M17S","hd","true","True","False","695186","16996","563","0","1119","en"
"UK_111","_VP8ftQXAQE","2020-04-16T06:11:27.000Z","UC9gFih9rw0zNCK3ZtoKQQyA","Bunny's One Year Update","JennaMarbles","23","PT23M26S","hd","false","True","False","2226109","238968","758","0","17340",NULL
"UK_112","pt4mZaYzmII","2020-04-15T23:32:05.000Z","UC-rN2gfG9OhqitnrRPnPmHg","IT'S TIME WE SHARE THIS...","THIS IS L&S","22","PT13M18S","hd","false","True","False","2760937","138315","6720","0","22364",NULL
"UK_113","SC0yTCpx5IQ","2020-04-16T12:37:28.000Z","UCH6vXjt-BA7QHl0KnfL-7RQ","AMBUSH (At home special)","Simon's Cat","1","PT1M22S","hd","false","True","False","407691","21872","481","0","823","en-GB"
"UK_114","QXpbjzofb7Y","2020-04-15T22:10:01.000Z","UCfdNM3NAhaBOXCafH7krzrA","When Will Coronavirus Pandemic End?","The Infographics Show","27","PT6M39S","hd","true","True","False","2053448","54046","3095","0","10388","en"
"UK_115","pq1VJx72fFU","2020-04-16T16:15:23.000Z","UCuE1A4MDBt8YkgUkRAKMtjw","Kehlani - ""Everybody Business"" (Quarantine Style) Official Video","Kehlani","10","PT3M26S","hd","false","True","False","1129307","94551","917","0","3161","en"
"UK_116","d_fX1vLxCEM","2020-04-16T14:16:03.000Z","UCLe_kjXzRP_0opzw-BXiQxw","Apple Sent Us The iPhone SE 2","XtremeGamez","24","PT10M59S","hd","false","True","False","1020399","62514","17749","0","21837","en"
"UK_117","QWUyKHuv91g","2020-04-16T14:00:20.000Z","UCSNxIry_FPFcQDFRbi3VOAw","The Captain's Guitar Collection - History, Specs & of Course... The Tones!","Andertons Music Co","10","PT48M31S","hd","false","True","False","128437","3559","55","0","847","en-GB"
"UK_118","Y6r3dagxFC0","2020-04-14T21:06:35.000Z","UCKSxNv7X_ewMbXgs134rCJA","Charles Ingram Has NEVER Heard Of Craig David! | Who Wants To Be A Millionaire","Who Wants To Be A Millionaire?","24","PT5M52S","hd","false","True","False","763694","4093","275","0","1978","en-GB"
"UK_119","45u1Xv58zkM","2020-04-16T13:58:05.000Z","UC52XYgEExV9VG6Rt-6vnzVA","Destiny 2: Shadowkeep ‚Äì Guardian Games ‚Äì Gameplay Trailer","destinygame","20","PT50S","hd","false","False","False","309743","9242","827","0","2092",NULL
"UK_120","b2BVYLyua88","2020-04-17T10:00:21.000Z","UCJHA_jMfCvEnv-3kRjTCQXw","Leftover Fried Chicken 3 Ways | Bonus with Babish","Binging with Babish","24","PT10M8S","hd","false","True","False","1498061","64894","660","0","3386","en"
"UK_121","ppWPuXsnf1Q","2020-04-16T21:25:09.000Z","UCYO_jab_esuFRV4b17AJtAw","Lockdown math announcement","3Blue1Brown","27","PT2M13S","hd","false","True","False","489608","41672","197","0","2639","en"
"UK_122","cABsHbhqv7Q","2020-04-16T08:34:18.000Z","UCAxW1XT0iEJo0TYlRfn6rYQ","PE With Joe | Thursday 16th April","The Body Coach TV","17","PT27M37S","hd","false","True","False","875051","39259","417","0","956",NULL
"UK_123","tJk8UevZbIs","2020-04-16T09:00:35.000Z","UC_mneEC0wc29EGGmIsN_xLA","Filling Up on Cheese Before Dinner","Aunty Donna","23","PT3M3S","hd","true","True","False","416956","20116","217","0","841","en-GB"
"UK_124","4fgrbWfUrO4","2020-04-14T17:18:24.000Z","UCUs8sGiP4avNaYNVO22INhQ","Machine Gun Kelly - In These Walls","Machine Gun Kelly","10","PT2M46S","hd","false","True","False","6523675","322790","8493","0","25353",NULL
"UK_125","8OudfiD6NZw","2020-04-15T16:00:06.000Z","UCY30JRSgfhYXA6i6xX1erWg","Every Awkward Moment Ever","Smosh","23","PT10M13S","hd","true","True","False","1242987","57179","1176","0","4009","en"
"UK_126","Yk38rbslUcc","2020-04-16T08:35:00.000Z","UCJ0uqCI0Vqr2Rrt1HseGirg","Lewis Capaldi: Before You Go","The Late Late Show with James Corden","24","PT4M24S","hd","true","True","False","747706","52318","167","0","1792","en"
"UK_127","wDcSigYUYZQ","2020-04-16T13:02:38.000Z","UC4UQFLK99sYuG1b8oRd5BvQ","Trivium - Amongst The Shadows & The Stones (Official Audio)","Trivium","10","PT5M41S","hd","false","True","False","354120","23262","208","0","2071","en-US"
"UK_128","lWoUHwikzjU","2020-04-15T16:48:36.000Z","UCxSb7Ar4ZLhLTWhgCSwHSUg","let's FINALLY address... the toxicity of AFRICAN AUNTIES ft NELLA & ADEOLA","ANNIE DREA","22","PT13M8S","hd","false","True","False","147704","22306","152","0","1732","en"
"UK_129","3SHN4xUUuIw","2020-04-15T19:02:41.000Z","UC9fSZHEh6XsRpX-xJc6lT3A","The NEW iPhone SE (2020) Is Here!","UrAvgConsumer","28","PT7M20S","hd","false","True","False","1218532","27322","4733","0","3354","en"
"UK_130","fqTDfpIpub4","2020-04-16T15:00:31.000Z","UCp68_FLety0O-n9QU6phsgw","Colin Furze Workshop/Tools Tour & Wolverine Claws","colinfurze","2","PT26M18S","hd","false","True","False","1575796","80370","582","0","4151","en-GB"
"UK_131","a70dbulRjx0","2020-04-15T17:15:01.000Z","UCgFvT6pUq9HLOvKBYERzXSQ","Teaching My Girlfriend How To SLAP BASS","Davie504","24","PT10M3S","hd","false","True","False","2572597","441153","2308","0","34134","en"
"UK_132","NJeAp3IhVhQ","2020-04-14T20:00:11.000Z","UCz7h6Eshwht37ryP7up2NmQ","Russ Millions - Playground 2 | Link Up TV","Link Up TV","10","PT2M27S","hd","false","True","False","321660","11700","2104","0",NULL,NULL
"UK_133","ZqBP3kXi9jM","2020-04-16T17:47:44.000Z","UC5eu9MzNjQFWnYrbls5JPCA","Crysis Remastered - Official Teaser","Crysis","20","PT38S","hd","false","True","False","609051","19852","642","0","3399",NULL
"UK_134","thioGeqPCNM","2020-04-14T21:30:02.000Z","UCM7I_NC8mIyNLlslSi129ow","$40 YETI Bucket vs Generic Bucket","You Betcha","23","PT5M8S","hd","false","True","False","579546","13449","567","0","1011","en"
"UK_135","v71vugKdkO4","2020-04-15T23:45:45.000Z","UCdBK94H6oZT2Q7l0-b0xmMg","Unboxing the smallest GAMING PC you can buy! - Intel Ghost Canyon NUC","ShortCircuit","22","PT9M40S","hd","true","True","False","1357514","41739","837","0","4463","en"
"UK_136","46zTCXaOl3I","2020-04-16T20:30:53.000Z","UCdN4aXTrHAtfgbVG9HjBmxQ","How to Ruin a Joke - Key & Peele","Key & Peele","23","PT3M16S","hd","true","True","False","1207287","43747","631","0","2369","en"
"UK_137","1HtF5BZbCBM","2020-04-16T10:25:08.000Z","UCjcPJbFDwVZZELGG38q2cLQ","Every WWE Superstar/Staff Member Released So Far...","Cultaholic Wrestling","17","PT24M52S","hd","false","True","False","147143","3689","114","0","1010","en"
"UK_138","rxdpozZtJkc","2020-04-15T15:00:11.000Z","UC2negrvcHbkYTG4ZIm7X9tA","Declan McKenna - The Key to Life on Earth (Official Video)","DeclanMcKennaVEVO","10","PT4M30S","hd","false","True","False","384181","51034","145","0","3124",NULL
"UK_139","pmjmviBXX-Y","2020-04-15T16:08:47.000Z","UCBKFH7bU2ebvO68FtuGjyyw","TRYING ON WISH WEDDING DRESSES...$1000 LIGHT UP DRESS!?","Roxxsaurus","26","PT20M20S","hd","false","True","False","1373230","66179","897","0","2769","en-GB"
"UK_140","F2RTtGf69UI","2020-04-15T15:58:16.000Z","UCDlQwv99CovKafGvxyaiNDA","This is the $399 iPhone SE 2! (2020)","Jonathan Morrison","28","PT4M5S","hd","false","True","False","1470784","29764","9002","0","3901","en"
"UK_141","Rl-FbOp2Mwg","2020-04-15T15:30:09.000Z","UC2rJLq19N0dGrxfib80M_fg","KSI Talks New Album, Girlfriend, RiceGum Shade & Jake Paul Fight","HollywoodLife","24","PT15M21S","hd","false","True","False","409710","13452","211","0","2011","en"
"UK_142","WiSCwNC6kqs","2020-04-16T13:00:11.000Z","UCcOkA2Xmk1valTOWSyKyp4g","Susan Enters the Time War! | Susan's War Trailer | Doctor Who","Doctor Who","24","PT1M22S","hd","false","True","False","62784","2472","48","0","458","en-GB"
"UK_143","TK42oKon_5I","2020-04-15T22:36:44.000Z","UCq8jp0E99ELBvmBxjJ-JLgA","Why WWE Will Never Be The Same Again","WhatCulture Wrestling","17","PT10M13S","hd","false","True","False","461427","13523","402","0","3621","en-US"
"UK_144","6jKGGyK5grg","2020-04-15T19:45:11.000Z","UChIjQmxk48Fn8UYdJH2NaoQ","How to GLOW UP in quarantine","Alivia D'Andrea","26","PT13M1S","hd","false","True","False","652073","66066","612","0","3138","en"
"UK_145","6d9XjnV2iKA","2020-04-16T01:44:15.000Z","UCOSIXyYdT93OzpRnAuWaKjQ","Luke Combs - Six Feet Apart (Unreleased Original)","Luke Combs","10","PT3M3S","hd","false","False","False","1836275","54480","520","0","1974",NULL
"UK_146","_HhAzr5DLik","2020-04-16T01:00:14.000Z","UCOmHUn--16B90oW2L6FRR3A","BLACKPINK - 'Î∂êÎ∞îÏïº (BOOMBAYAH)' Live at Coachella 2019","BLACKPINK","10","PT4M25S","hd","false","True","False","2184910","254649","4440","0","17707","ko"
"UK_147","DG-0EQstJkQ","2020-04-15T15:00:06.000Z","UCaO6TYtlC8U5ttz62hTrZgg","GOT7 ""NOT BY THE MOON"" M/V TEASER 2","jypentertainment","10","PT24S","hd","false","True","False","2090088","296919","1932","0","22936","ko"
"UK_148","gLLrFCMi5vI","2020-04-16T07:00:25.000Z","UCzb-6smlTg5UPirLdsdQ_cQ","Quarantine Catholic Confession - Foil Arms and Hog","Foil Arms and Hog","23","PT3M14S","hd","false","True","False","165511","10005","75","0","392","en"
"UK_149","-6XwN_wu3KU","2020-04-16T01:00:18.000Z","UCOmHUn--16B90oW2L6FRR3A","BLACKPINK - 'Kill This Love' Live at Coachella 2019","BLACKPINK","10","PT3M49S","hd","false","True","False","2314707","282473","4444","0","16967","ko"
"UK_150","uLj9WfoWPSQ","2020-04-15T15:00:36.000Z","UCNSMdQtn1SuFzCZjfK2C7dQ","Groundbreaking Motorcycle Helmets ‚Äì Best of 2020","FortNine","2","PT10M16S","hd","false","True","False","443295","18466","216","0","1215","en"
"UK_151","w73eRM-6e6M","2020-04-15T13:00:35.000Z","UC3DFdy_qc-cqgKCyQTHLGzA","Locked down on Berm Peak with my buddies","BKXC","17","PT10M40S","hd","false","False","False","225659","6770","176","0","311","en"
"UK_152","2ZP5oG69c3Q","2020-04-14T16:00:04.000Z","UCJfPq9SiuIIZN6i_aez4hZg","i cut my hair off and dyed it brown","KT Franklin","24","PT8M39S","hd","false","True","False","178689","14813","123","0","1462","en"
"UK_153","aHF6UETsIRA","2020-04-15T19:42:54.000Z","UCdIrJtBdwusaSoCr8wCmwKg","I Painted My New iPad Pro...and didn't ruin it?!","Chloe Rose Art","22","PT10M17S","hd","false","True","False","215059","20400","339","0","1519","en"
"UK_154","xrAdbH28gIg","2020-04-15T13:00:11.000Z","UCSf-NCzjwcnXErUBW_qeFvA","RATTLE! | Official Lyric Video | Elevation Worship","Elevation Worship","10","PT10M37S","hd","false","True","False","945606","45820","546","0","2480","en"
"UK_155","Q_VFK-9aYYA","2020-04-16T08:10:26.000Z","UC16niRr50-MSBwiO3YDb3RA","Coronavirus: EU seeks 'gradual approach' to lifting of lockdown - BBC News","BBC News","25","PT8M27S","hd","false","True","False","106900","635","79","0","545","en-GB"
"UK_156","m2zH7b2M5E0","2020-04-14T13:08:18.000Z","UCufNJ4wUCXQRAS6M2pjIB6A","Toothy Thomas","Ben Campbell","1","PT27S","hd","false","False","False","1647340","19515","285","0","674",NULL
"UK_157","TdqZ6HZntIQ","2020-04-15T13:00:14.000Z","UCU5PZpCWQgak5w4ztWo9u6w","F1¬Æ 2020 | Announce Trailer","F1¬Æ Games From Codemasters","20","PT39S","hd","false","False","False","225653","8569","185","0","1150","en"
"UK_158","2Nxi6IjU7zA","2020-04-15T17:25:10.000Z","UCj34AOIMl_k1fF7hcBkD_dw","iPhone SE 2020 Released! Everything New","EverythingApplePro","28","PT5M17S","hd","false","True","False","1679191","40806","2009","0","7079","en"
"UK_159","UQdMxXcfMRc","2020-04-15T19:06:19.000Z","UClfEht64_NrzHf8Y0slKEjw","What if Britain Never Conquered India?","AlternateHistoryHub","27","PT11M9S","hd","false","True","False","332578","20847","434","0","2800","en"
"UK_160","2L43Uh2S-Rw","2020-04-15T17:01:11.000Z","UCZkURf9tDolFOeuw_4RD7XQ","Demi Lovato & Sam Smith - I'm Ready (Teaser)","Demi Lovato","10","PT27S","hd","false","False","False","420583","39067","615","0","1520",NULL
"UK_161","O_il5rXrzx0","2020-04-15T20:05:46.000Z","UCDGuaewBqmqF5buNPnoT1Bg","BREAKING: 18 WWE WRESTLERS HAVE BEEN FIRED IN ONE GO! Wrestling News!","Wrestlelamia","24","PT10M30S","hd","false","True","False","506180","8388","444","0","3554",NULL
"UK_162","ed6UMqGMI9Y","2020-04-14T16:00:10.000Z","UCwtnkRZcvL4bfopzJ-Von8Q","My Youtube Crush - Prom Knight Episode 1 - Merrell Twins","merrelltwins","23","PT16M29S","hd","true","True","False","1602493","89772","1087","0","13794","en"
"UK_163","4IlrAhGlv-A","2020-04-15T14:30:01.000Z","UCXEuQ_O6BUWwhVhcMyXNHgg","BUILDING MORE NEW BACKYARD DIRT JUMPS AND RIDING THEM!! LOCKDOWN EP9","Matt Jones","24","PT17M19S","hd","false","True","False","477406","23565","165","0","3012",NULL
"UK_164","XViJp3wt1IM","2020-04-14T16:45:00.000Z","UCE7FJHXxNl2pPGGgeJkI6zg","Zara McDermott In Tears Over Return of Sam Thompson's Ex, Tiff | Made in Chelsea","Made in Chelsea","24","PT7M51S","hd","false","True","False","241312","1824","79","0","255",NULL
"UK_165","HXX3fTxvhFk","2020-04-14T18:00:13.000Z","UCwxK6Ba2IzJXw8gW2ZPjHSw","Taze - Zesser (Music Video) Prod By D3nz | Pressplay","Pressplay Media","10","PT3M4S","hd","false","True","False","222303","9627","274","0","1251","en-GB"
"UK_166","_S7x1_jlPYY","2020-04-15T15:39:01.000Z","UCaP1PNnr055fOt89JPry51w","Apple's $399 iPhone SE (2020) is Officially Here!","Justin Tse","28","PT3M24S","hd","false","True","False","459593","11264","684","0","5435","en"
"UK_167","2KnHDpq0Mw8","2020-04-15T17:00:01.000Z","UCsqPiQ5MVY9xCG9Dn1HppfQ","SELF CARE PAMPER ROUTINE 2020!! (LOCKDOWN)","Erin Bowyer","24","PT10M2S","hd","false","False","False","76370","6040","58","0","823",NULL
"UK_168","Ga6snK4x9UE","2020-04-15T16:16:17.000Z","UCUUNkL6Wke6i0P6funa7wdQ","iPhone SE 2 (2020): Everything New!","AppleInsider","28","PT4M","hd","false","True","False","224896","2514","928","0","635","en"
"UK_169","d-nCtbN8uAs","2020-04-15T04:00:09.000Z","UClVrJwcIy7saPcGc1nct80A","A Day To Remember: Mindreader [OFFICIAL VIDEO]","Fueled By Ramen","10","PT2M52S","hd","false","True","False","450468","24196","724","0","1737","en"
"UK_170","rnhEKl_FrXc","2020-04-14T18:28:50.000Z","UC2hFZwNM71iOOCY3guLE7KQ","Unboxing Rare MYSTERY Mini Brands","Little Lia","26","PT12M4S","hd","false","True","False","1979098","57307","4152","0","6465","en"
"UK_171","EcLu2etbx6w","2020-04-14T18:03:56.000Z","UCvvVOIyaYu2l4jiH9L8_eRw","Dax - ""Coronavirus"" (State Of Emergency) [Official Video]","Dax","10","PT3M8S","hd","false","False","False","1030612","77078","4601","0","9539","en"
"UK_172","rWGGcIphxow","2020-04-14T19:00:15.000Z","UCSkKAqmw8DZjU2A-Fupl1_Q","Teenager Is So Overloaded With Chores That She Faints In Front Of Jo | Supernanny","Supernanny","24","PT1M37S","hd","false","True","False","312040","5747","131","0",NULL,"en"
"UK_173","Sy9glE0OACo","2020-04-14T17:00:11.000Z","UCKhnGk6OEu218Dtd37gus-w","D Smoke & Snoop Dogg - Gaspar Yanga (Official Video)","D Smoke","10","PT4M49S","hd","false","True","False","2815513","165030","2616","0","7096",NULL
"UK_174","qGrk957gGBo","2020-04-15T18:52:02.000Z","UCoMdktPbSTixAyNGwb-UYkQ","Coronavirus: Has the lockdown flattened the UK death rate?","Sky News","25","PT2M23S","hd","false","True","False","509462","3145","438","0","1679",NULL
"UK_175","qZE5Yx0YduU","2020-04-15T17:00:32.000Z","UCzfyYtgvkx5mLy8nlLlayYg","Hazbin Hotel + Helluva Boss SPRING SALE","Vivziepop","1","PT1M48S","hd","false","True","False","518432","57586","1231","0","4355","en"
"UK_176","Z9scYCM6MnU","2020-04-15T13:26:34.000Z","UC7UJt97355DaghtQIkcp1-Q","Johnny Orlando - See You (Official Video)","JohnnyOrlandoVEVO","10","PT2M58S","hd","true","True","False","1204953","69387","602","0","16602",NULL
"UK_177","Ms7capx4Cb8","2020-04-09T17:29:33.000Z","UCy0Pr5u-MwGXXzp_GDd4m_g","Explaining the Pandemic to my Past Self","Julie Nolke","23","PT3M","hd","false","True","False","2482307","39478","779","0","1132","en"
"UK_178","aIoVVoGljlc","2020-04-14T17:00:01.000Z","UCYJPby9DRCteedh5tfxVbrw","Try Not To Laugh Challenge #44 ‚Äî LIVE from Australia!","Smosh Pit","22","PT12M56S","hd","true","True","False","972031","56065","707","0","2797","en"
"UK_179","NTf38G_HwRY","2020-04-14T21:26:30.000Z","UCB0d0JLn1WcGYcwwZ87d2LA","Swapping Outfits With Chantel Jeffries!","Rclbeauty101","23","PT15M17S","hd","false","True","False","1562043","43027","1005","0","1766","en"
"UK_180","aliY82008tk","2020-04-14T17:30:00.000Z","UCPDXXXJj9nax0fr0Wfc048g","If Google Was a Guy: Quarantine Edition","CollegeHumor","23","PT4M4S","hd","true","True","False","1375360","95432","2711","0","4582","en"
"UK_181","UQBGCVDS_eQ","2020-04-15T19:49:18.000Z","UCjDsbbzHgTrGc4Ff26TJtsA","Michael Bubl√©'s Wife Defends Him After Elbow Video | E! News","E! News","24","PT1M59S","hd","false","True","False","172802","291","110","0","626","en"
"UK_182","1IUzZ60CJEI","2020-04-13T19:15:12.000Z","UCbfUA3UGxAWL3muD004g0WQ","Tory Lanez - Who Needs Love (Official Music Video)","Tory Lanez","10","PT3M1S","hd","false","False","False","2386758","101061","1283","0","3404","en"
"UK_183","lRuqDruOh24","2020-04-15T14:00:20.000Z","UCbOCbp5gXL8jigIBZLqMPrw","Harry Styles - Electric Ballroom (London - Dec 19, 2019)","HarryStylesVEVO","10","PT3M47S","hd","false","True","False","554669","116936","199","0","6224",NULL
"UK_184","wnCqVU2b9iw","2020-04-17T08:00:25.000Z","UCOmHUn--16B90oW2L6FRR3A","BLACKPINK - LIVE Blu-ray & DVD „ÄåBLACKPINK 2019-2020 WORLD TOUR IN YOUR AREA-TOKYO DOME-„Äç TEASER","BLACKPINK","10","PT1M39S","hd","false","True","False","1215363","202953","2425","0","15441","ko"
"UK_185","LVRsYnTXP-Q","2020-04-14T16:00:09.000Z","UCZGYJFUizSax-yElQaFDp5Q","Star Wars: The Clone Wars | Final TV Spot | Disney+","Star Wars","24","PT1M1S","hd","false","True","False","819624","37025","425","0","4547","en-US"
"UK_186","GrsuibV4GZY","2020-04-14T07:21:40.000Z","UCnFROBOMsmkb_-3B7lPH_Ag","Oh My God (Stay Home Edition) | Kaiser Chiefs","Kaiser Chiefs","10","PT3M38S","hd","false","False","False","218737",NULL,NULL,"0","284",NULL
"UK_187","pSZmxU6oRIk","2020-04-14T17:00:30.000Z","UCW6-BQWFA70Dyyc7ZpZ9Xlg","These recent FA Cup semi-finals were EPIC | FA Cup Magic","BBC Sport","17","PT15M29S","hd","false","True","False","237924","2689","42","0","296","en-GB"
"UK_188","mGkOvbd3jHI","2020-04-13T18:30:10.000Z","UCqf2gzmKtH3PaAbt-qgFFsw","Ed's Pig Farm Struggles | 90 Day Fianc√©: Before The 90 Days","TLC","24","PT3M1S","hd","false","True","False","3050011","27294","1829","0","11439","en"
"UK_189","iBs3tTLlfp0","2020-04-14T08:30:03.000Z","UCCq8XFEKtvc5u1V-0WeepAg","Car Outtakes! | BLOOPERS | The Inbetweeners","The Inbetweeners","24","PT3M5S","hd","false","True","False","240284","6756","69","0","280","en-GB"
"UK_190","LOWVrkL_DEE","2020-04-14T15:57:37.000Z","UC7zygr3uEiMSkxv-6nbFUGQ","OnePlus 8 Series Launch Event","OnePlus","28","PT56M51S","hd","false","False","False","1068059","32121","3284","0","1655",NULL
"UK_191","xkF3I3jkfCs","2020-04-14T15:30:15.000Z","UClJO9jvaU5mvNuP-XTbhHGw","Rory McIlroy How to Hit a One-Hop Stop Chip | TaylorMade Golf","TaylorMade Golf","17","PT1M27S","hd","false","False","False","175183","1312","56","0","123",NULL
"UK_192","9UaETq2_PsM","2020-04-15T01:18:37.000Z","UCcLevqLUq4hzVxLn3b_ubNw","#StarsInTheHouse #56: GLEE Cast Reunion","The Actors Fund","24","PT1H9M20S","hd","false","False","False","197277","10469","78","0","501",NULL
"UK_193","PvgCEifW7Jo","2020-04-14T14:00:12.000Z","UCJHA_jMfCvEnv-3kRjTCQXw","Binging with Babish: Ben Wyatt's Calzones from Parks & Rec","Binging with Babish","24","PT10M2S","hd","false","True","False","2106845","76644","726","0","4696","en"
"UK_194","huTUOek4LgU","2020-04-12T17:37:35.000Z","UCb4JB8-ZAeceuR7EPCPOPzg","Andrea Bocelli: Music For Hope - Live From Duomo di Milano","Andrea Bocelli","10","PT24M57S","hd","false","True","False","38212470","917015","20836","0","25033",NULL
"UK_195","o5Ejup_nfPY","2020-04-14T21:01:17.000Z","UCVpankR4HtoAVtYnFDUieYA","Pets in Isolation","zefrank1","15","PT3M3S","hd","false","True","False","1119262","90999","703","0","3075","en"
"UK_196","Ct9LWyQbyXA","2020-04-14T15:00:13.000Z","UCaO6TYtlC8U5ttz62hTrZgg","GOT7 ""NOT BY THE MOON"" M/V TEASER","jypentertainment","10","PT1M1S","hd","false","True","False","1818615","324887","1497","0","20617","ko"
"UK_197","hCyb9jVqgSk","2020-04-14T15:59:56.000Z","UC8oimTPVHKiC7oL3QgdKbgg","Kylie Jenner Summons Kris With¬†Tiny¬†Bell | KUWTK | E!","Keeping Up With The Kardashians","24","PT2M38S","hd","false","True","False","2798910","58972","1460","0","3335","en"
"UK_198","Nl2qBUJVNeM","2020-04-13T22:17:07.000Z","UC3EFKdXAU99j3ppGgvTz7XQ","My Boyfriend does my Makeup","Bretman Rock","22","PT18M40S","hd","false","True","False","4083284","251822","7250","0","16144",NULL
"UK_199","bBV-1VNWscA","2020-04-14T12:45:01.000Z","UCUQo7nzH1sXVpzL92VesANw","Testing a $1300 LED","DIY Perks","28","PT18M41S","hd","false","True","False","708007","31216","1253","0","3434","en"
"UK_200","QvM-OPPRKy4","2020-04-13T16:11:22.000Z","UCSxspw1FZ3K4bhdHhhibhqw","CAN'T TALK FOR 24HRS! *PUNISHMENT! üò°","Dad V Girls","24","PT28M8S","hd","false","True","False","865971","26971","817","0",NULL,NULL
